,country,year,vacancy_rate_oecd,vacancy_rate_factored_v1,vacancy_rate_lm_v2,unemployment_rate_oecd,unemployment_level_oecd,active_pop_oecd,vacancy_stock_oecd,vacancy_stock_factored_v1,vacancy_stock_lm_v2,vacancy_stock_eurostat,effective_unemployment_rate_lm_v2,unemployment_gap_lm_v2,tightness_lm_v2
1,Austria,1950,NA,NA,NA,NA,NA,NA,NA,NA,NA,NA,NA,NA,NA
2,Austria,1951,NA,NA,NA,NA,NA,NA,NA,NA,NA,NA,NA,NA,NA
3,Austria,1952,NA,NA,NA,NA,NA,NA,NA,NA,NA,NA,NA,NA,NA
4,Austria,1953,NA,NA,NA,NA,NA,NA,NA,NA,NA,NA,NA,NA,NA
5,Austria,1954,NA,NA,NA,NA,NA,NA,NA,NA,NA,NA,NA,NA,NA
6,Austria,1955,NA,NA,NA,NA,117838.025,NA,24332.9525,50770.17354,60475.51403,NA,NA,NA,NA
7,Austria,1956,NA,NA,NA,NA,115010.225,NA,21739.8725,45359.7688,57245.85061,NA,NA,NA,NA
8,Austria,1957,NA,NA,NA,NA,107688.4,NA,21144.315,44117.15109,56504.08781,NA,NA,NA,NA
9,Austria,1958,NA,NA,NA,NA,120562.625,NA,21386.5575,44622.58477,56805.79919,NA,NA,NA,NA
10,Austria,1959,NA,NA,NA,NA,105842.38,NA,24844.225,51836.93244,61112.30043,NA,NA,NA,NA
11,Austria,1960,NA,NA,NA,NA,80236.1175,NA,30147.415,62901.92246,67717.38734,NA,NA,NA,NA
12,Austria,1961,NA,NA,NA,NA,62213.105,NA,37920.4875,79120.26833,77398.69603,NA,NA,NA,NA
13,Austria,1962,NA,NA,NA,NA,64360.8525,NA,37800.24,78869.37455,77248.92859,NA,NA,NA,NA
14,Austria,1963,NA,NA,NA,NA,68911.9575,NA,37222.7075,77664.36561,76529.61581,NA,NA,NA,NA
15,Austria,1964,NA,NA,NA,NA,65102.23,NA,39553.22,82526.929,79432.25321,NA,NA,NA,NA
16,Austria,1965,NA,NA,NA,NA,65035.065,NA,41980.6075,87591.61997,82455.54775,NA,NA,NA,NA
17,Austria,1966,NA,NA,NA,NA,62126.69,NA,45958.08,95890.5294,87409.46257,NA,NA,NA,NA
18,Austria,1967,NA,NA,NA,NA,65608.1925,NA,32443.1875,67692.0016,70576.75631,NA,NA,NA,NA
19,Austria,1968,NA,NA,NA,NA,69989.1525,NA,27703.975,57803.7383,64674.09952,NA,NA,NA,NA
20,Austria,1969,1.119590731,2.33600159,2.389280639,2.140351686,64925.84,3032613.25,33940.45,70816.00708,72441.58652,NA,2.261393562,-0.121041877,1.116302828
21,Austria,1970,1.503944391,3.1379471,2.875251918,1.941809028,58444.1675,3010595.25,45279.92,94475.56338,86564.81893,NA,2.362877511,-0.421068483,1.480707874
22,Austria,1971,1.857556129,3.875750261,3.315921956,1.728404907,52019.665,3009858,55913.5825,116662.4678,99808.97292,NA,2.394004131,-0.665599224,1.918486775
23,Austria,1972,2.047102362,4.271234334,3.545977959,1.622890785,49135.0825,3028083,61997.92,129357.305,107386.9737,NA,2.398902864,-0.776012079,2.184976335
24,Austria,1973,2.171001596,4.529747377,3.695467329,1.35832253,41326.6675,3042785.75,66059.9175,137832.574,112446.1638,NA,2.240454537,-0.882132007,2.720611083
25,Austria,1974,1.88762462,3.938487511,3.339985728,1.353938973,41305.75,3050686.5,57599.25,120179.5762,101908.4603,NA,2.126531647,-0.772592674,2.466865785
26,Austria,1975,1.04105672,2.172142091,2.303853936,1.852524979,55464.3325,2995354,31209.0025,65116.90157,69039.58732,NA,2.065901006,-0.213376026,1.24362908
27,Austria,1976,0.97833531,2.04127524,2.223905346,1.842153829,55256.8325,3000766,29365.915,61271.33979,66744.03443,NA,2.024049344,-0.181895515,1.207231074
28,Austria,1977,1.057840555,2.207161197,2.310604209,1.684018465,51165,3037984.25,32135.92,67050.89468,70194.05674,NA,1.972587172,-0.288568707,1.372077716
29,Austria,1978,0.955178422,1.9929589,2.169592665,1.90238642,58570.415,3078753,29405.085,61353.06714,66792.8204,NA,2.031601246,-0.129214826,1.140458448
30,Austria,1979,1.00630912,2.099641983,2.221790224,1.820863879,56718.665,3115316.75,31360.0825,65432.12669,69227.75643,NA,2.011362117,-0.190498238,1.220184688
31,Austria,1980,1.165794255,2.432404232,2.416317948,1.699538637,53160.915,3128571.25,36470.2525,76094.3847,75592.43825,NA,2.026481116,-0.326942479,1.421749347
32,Austria,1981,0.798948181,1.666987917,1.946704521,2.184930377,69294.4975,3170299.75,25320.0825,52829.79871,61704.9777,NA,2.062380625,0.122549752,0.890968674
33,Austria,1982,0.522940067,1.091103021,1.564468773,3.188407974,105346.095,3303851.25,17275.585,36045.13051,51685.61103,NA,2.233419958,0.954988016,0.490673962
34,Austria,1983,0.460824344,0.961499921,1.489698875,3.866285506,127375.675,3294496.75,15181.3325,31675.51844,49077.23385,NA,2.399916909,1.466368597,0.385304932
35,Austria,1984,0.510436712,1.065015043,1.532950117,3.880096583,130469.35,3362584,17165.5025,35815.44577,51548.50403,NA,2.438851063,1.44124552,0.395080402
36,Austria,1985,0.663905428,1.385224164,1.726137383,4.156426159,139446.6,3354937.5,22272.835,46471.7834,57909.65176,NA,2.678537394,1.477888765,0.415293648
37,Austria,1986,0.729628542,1.522354006,1.800333175,4.490755386,151971.825,3383794.75,24692.6675,51520.71102,60923.5366,NA,2.843388103,1.647367283,0.400897627
38,Austria,1987,0.783109526,1.633940909,1.855735631,4.79975143,164467.9,3426852.75,26836.1675,55993.07692,63593.25121,NA,2.984471435,1.815279995,0.386631612
39,Austria,1988,0.909034106,1.896679793,2.011742486,4.624797761,158631.325,3430083.5,31184.0825,65064.90654,69008.54963,NA,3.050229852,1.57456791,0.434990369
40,Austria,1989,1.321146783,2.756543886,2.519888127,4.323452445,149176.75,3450257,45598.6675,95140.62308,86961.81676,NA,3.300699393,1.022753052,0.582841643
41,Austria,1990,1.577071625,3.290525475,2.819464305,4.697993482,165794.825,3527762,55621.5,116053.044,99445.18616,NA,3.639481409,1.058512073,0.600142234
42,Austria,1991,1.374513404,2.867892174,2.550559351,5.143149726,185028.75,3597560.25,49447.585,103171.3053,91755.61721,NA,3.621865352,1.521284374,0.495913883
43,Austria,1992,1.200663099,2.505157312,2.316107378,5.252203099,193098.325,3676115.5,44125.8325,92067.58504,85127.41083,NA,3.487788174,1.764414925,0.440978259
44,Austria,1993,0.883603992,1.843620416,1.910385455,5.965916146,222264.5,3725342,32906.085,68657.82711,71153.29198,NA,3.375973849,2.589942296,0.320216612
45,Austria,1994,0.786860473,1.641767179,1.766158582,5.600780089,214940.575,3837712.25,30196.6675,63004.68672,67778.731,NA,3.145133673,2.455646416,0.315341533
46,Austria,1995,0.645391955,1.346596207,1.583268961,5.573561849,215716.175,3870636.25,24986.1675,52133.09236,61289.08885,NA,2.970597159,2.602964691,0.284067712
47,Austria,1996,0.506089774,1.055945253,1.416202397,6.004345083,230507.325,3838943.25,19430.5,40541.31355,54369.54294,NA,2.91605348,3.088291603,0.235862926
48,Austria,1997,0.494032922,1.030788893,1.399095363,6.062215064,233347.65,3849186.25,19018.5825,39681.85669,53856.5025,NA,2.91232158,3.149893484,0.230789464
49,Austria,1998,0.598958789,1.249714421,1.528620734,6.168681186,237793.95,3854874,23088.165,48172.95163,58925.1397,NA,3.070761137,3.097920049,0.247803491
50,Austria,1999,0.814023961,1.698443203,1.800444476,5.780972058,221742.525,3835475,31216.4175,65132.37281,69048.82265,NA,3.22619268,2.554779378,0.311443207
51,Austria,2000,0.922196408,1.924142649,1.932393759,5.048244442,194313.675,3849075.25,35495.2525,74060.06851,74378.08241,NA,3.123330923,1.924913519,0.382785299
52,Austria,2001,0.765889865,1.598012464,1.732434048,5.26024383,203883.15,3875225,29669.835,61905.46223,67122.56472,NA,3.018778812,2.241465019,0.329344818
53,Austria,2002,0.599982548,1.251850472,1.527839131,6.013209021,232417.8,3865075,23188.9975,48383.33644,59050.72589,NA,3.031042072,2.982166948,0.254080496
54,Austria,2003,0.548008409,1.143407568,1.443787646,6.057403315,240078.75,3963200,21716.415,45310.82524,57216.63445,NA,2.957296751,3.100106564,0.238350919
55,Austria,2004,0.611127291,1.275103735,1.536749533,6.269812213,243879.75,3889999.75,23774.25,49604.45298,59779.65388,NA,3.104050739,3.165761474,0.24510296
56,Austria,2005,0.659934986,1.376939924,1.581744566,6.362732197,252654.175,3970925.25,26208.5,54683.4624,62811.49562,NA,3.172415023,3.190317174,0.248595182
57,Austria,2006,0.814785088,1.700031276,1.762012574,5.92484573,239173.65,4037675.25,32912.415,68671.03452,71161.17595,NA,3.231045137,2.693800593,0.297393832
58,Austria,2007,0.926600528,1.933331748,1.885662774,5.389870625,222248.425,4123950,38213.915,79732.4984,77764.15798,NA,3.188021078,2.201849547,0.349853068
59,Austria,2008,0.900231164,1.878312647,1.845399876,5.094261049,212252.925,4166050,37497.9175,78238.58526,76872.38799,NA,3.066096657,2.028164392,0.362250748
60,Austria,2009,0.646112151,1.34809888,1.522184992,6.18986838,260308.75,4205075,27165.2475,56679.69515,64003.1181,NA,3.069547971,3.120320408,0.245915567
61,Austria,2010,0.734681653,1.53289721,1.641016237,5.942955953,250782,4220075,31008.665,64698.90176,69277.97709,69277.97709,3.122897247,2.820058706,0.276127949
62,Austria,2011,0.760999809,1.587809468,1.735321157,5.809760575,246702.025,4246225.25,32310.0825,67414.28093,73675.95755,73675.95755,3.175185104,2.634575471,0.298690649
63,Austria,2012,0.685349741,1.429967255,1.615735515,6.070698494,260643.25,4293300,29422.3325,61389.05367,69362.33947,69362.33947,3.131875342,2.938823152,0.266153148
64,Austria,2013,0.608487051,1.269594932,1.498965746,6.62380559,287206.5,4335850.25,26382.9175,55047.3807,64986.74327,64986.74327,3.151008996,3.472796595,0.22629978
65,Austria,2014,0.604016965,1.260268194,1.430478818,7.328895997,319357.25,4357500.25,26320.085,54916.28207,62332.19766,62332.19766,3.237874377,4.09102162,0.195183397
66,Austria,2015,0.664505663,1.386476541,1.512981707,8.052696221,354331.575,4400025,29250.585,61030.70626,66569.7381,66569.7381,3.490498829,4.562197392,0.187885109
67,Austria,2016,0.89687143,1.871302635,1.622148909,7.957829417,357312.775,4490200,40276.665,84036.38118,72836.61524,72836.61524,3.592879668,4.364949749,0.203843137
68,Austria,2017,1.260951345,2.630947421,2.162936448,7.542107514,339975.6,4508025,56853.4975,118623.5799,97518.6818,97518.6818,4.038947788,3.503159725,0.286781439
69,Austria,2018,1.576028925,3.288349905,2.654675081,6.876178428,312107.275,4539075,71544.835,149276.7345,120516.5096,120516.5096,4.272472297,2.603706131,0.386068382
70,Austria,2019,1.69092964,3.528087735,2.814006009,6.609250397,301327.85,4559199.75,77093.25,160853.3811,128296.8075,128296.8075,4.312594386,2.296656012,0.425767801
71,Austria,2020,1.383705009,2.887070258,1.383705009,9.025566217,409639.425,4540299.75,62832.6675,131098.9874,62832.6675,102640.854,3.533938481,5.491627736,0.153309496
72,Austria,2021,2.072092526,4.323375766,2.072092526,7.227697271,331741.375,4589575,95087.0925,198397.1402,95087.0925,146642.4383,3.869942829,3.357754442,0.286687786
73,Austria,2022,NA,NA,NA,NA,263120.5,NA,125503.425,261860.1531,125503.425,206521.3636,NA,NA,NA
74,Germany,1955,NA,NA,NA,NA,NA,NA,176364.75,293831.6918,347006.6907,NA,NA,NA,NA
75,Germany,1956,NA,NA,NA,NA,858583.325,NA,191290.875,318699.2947,369138.0641,NA,NA,NA,NA
76,Germany,1957,NA,NA,NA,NA,752083.35,NA,191039.175,318279.951,368764.8617,NA,NA,NA,NA
77,Germany,1958,NA,NA,NA,NA,741333.325,NA,189859.925,316315.2669,367016.3555,NA,NA,NA,NA
78,Germany,1959,NA,NA,NA,NA,484083.325,NA,256240.525,426908.3645,465440.6852,NA,NA,NA,NA
79,Germany,1960,NA,NA,NA,NA,250083.325,NA,407766.775,679357.986,690112.7971,NA,NA,NA,NA
80,Germany,1961,NA,NA,NA,NA,177666.65,NA,480360.3,800302.0991,797749.2006,NA,NA,NA,NA
81,Germany,1962,1.447516397,2.411628128,2.396507625,0.454344151,155250,34170162.5,494617.5,824055.2425,818888.7406,NA,1.043474591,-0.58913044,5.27465275
82,Germany,1963,1.399763959,2.332070396,2.325216765,0.535257121,183250,34236815,479232.6,798423.2997,796077.1289,NA,1.115611416,-0.580354295,4.344111779
83,Germany,1964,1.568611509,2.613378091,2.575905425,0.491107876,167916.675,34191132.5,536314.9,893525.0067,880714.6152,NA,1.124743278,-0.633635402,5.245090851
84,Germany,1965,1.637538867,2.728214202,2.677109659,0.424581697,145750,34327875,562124.125,936524.3489,918982.6584,NA,1.066138716,-0.641557019,6.305287479
85,Germany,1966,1.322665888,2.203621504,2.211073071,0.503477703,171916.675,34214435,452991.95,754705.1837,757169.4001,NA,1.055095252,-0.551617549,4.391600772
86,Germany,1967,0.783978086,1.306143135,1.418426914,1.432896687,478583.325,33400880,261830.95,436222.2667,473729.7611,NA,1.425643443,0.007253245,0.989901733
87,Germany,1968,1.293125137,2.15440527,2.174105505,0.92074743,306416.675,33303222.5,430921.1,717934.1442,724444.3476,NA,1.414850542,-0.494103112,2.361239831
88,Germany,1969,1.937027041,3.227175116,3.126179923,0.50453421,169750.025,33651090,651917.35,1086123.944,1052121.527,NA,1.255892001,-0.751357791,6.196170367
89,Germany,1970,2.010741973,3.349987544,3.232829541,0.428106513,145583.325,34005672.5,683693.675,1139064.746,1099237.153,NA,1.176433331,-0.748326818,7.551460776
90,Germany,1971,1.614253745,2.689420131,2.643264758,0.556467968,190500,34234302.5,552634.4,920714.0356,904911.9838,NA,1.212803434,-0.656335466,4.750075311
91,Germany,1972,1.39014103,2.316038157,2.311493307,0.726681589,248250,34162292.5,474919.05,791236.7292,789681.3105,NA,1.29603998,-0.569358391,3.180888772
92,Germany,1973,1.403936921,2.33902274,2.329901106,0.821494894,283000,34444172.5,483546.075,805609.7451,802472.8362,NA,1.383474561,-0.561979667,2.836172353
93,Germany,1974,0.782349149,1.303429251,1.409515952,1.770407444,606249.975,34270580,268229.35,446882.292,483216.8437,NA,1.579689062,0.190718382,0.796153426
94,Germany,1975,0.601834915,1.002684331,1.145423486,3.233644642,1092416.675,33788347.5,203382.675,338844.7832,387066.9065,NA,1.924549952,1.30909469,0.354220582
95,Germany,1976,0.60636315,1.010228575,1.154448321,3.143952207,1052666.5,33482197.5,203023.225,338245.9232,386533.9401,NA,1.905132632,1.238819575,0.367196524
96,Germany,1977,0.597857987,0.996058587,1.142520004,3.085503943,1030333.25,33392975,199644.3,332616.4805,381523.9157,NA,1.877564906,1.207939037,0.370286354
97,Germany,1978,0.636643603,1.060677188,1.198780077,2.947913124,989166.575,33556765,213663.25,355972.6886,402310.196,NA,1.879866889,1.068046235,0.406653801
98,Germany,1979,0.780420501,1.300216036,1.40955307,2.564462429,868666.675,33877070,264419.05,440534.159,477567.2077,NA,1.901248509,0.663213921,0.549648556
99,Germany,1980,0.772084225,1.286327421,1.394578962,2.631508382,900916.75,34231385,264275.275,440294.6233,477354.0286,NA,1.915684271,0.715824111,0.529954216
100,Germany,1981,0.508581207,0.847319413,1.003018736,3.784973342,1300083.5,34349155,174697.75,291054.394,344534.9842,NA,1.948435059,1.836538284,0.265000211
101,Germany,1982,0.255222382,0.425212092,0.627194884,5.407967474,1858916.5,34371535,87708.3375,146126.0779,215553.405,NA,1.84169746,3.566270014,0.115976083
102,Germany,1983,0.191368481,0.31882859,0.532777662,6.600229603,2266250,34335542.5,65709.3575,109474.777,182934.9161,NA,1.875221292,4.725008311,0.08072108
103,Germany,1984,0.222950231,0.371445221,0.579126777,6.588987148,2266749.75,34401735,76708.845,127800.4233,199244.1569,NA,1.953422354,4.635564794,0.087893141
104,Germany,1985,0.278056374,0.46325456,0.658969285,6.651023359,2305333.5,34662050,96407.2875,160618.9241,228451.5759,NA,2.093518595,4.557504765,0.099077879
105,Germany,1986,0.382943777,0.638001743,0.812592595,6.357194561,2220416.5,34930527.5,133791.15,222902.1386,283881.6505,NA,2.272841663,4.084352898,0.127822515
106,Germany,1987,0.418586907,0.697384817,0.863638537,6.336394826,2229750.25,35189640,147306.875,245419.951,303921.7853,NA,2.339306469,3.997088357,0.136298094
107,Germany,1988,0.444231454,0.7401098,0.890538611,6.055408453,2233000.25,36877762.5,163842.025,272968.2626,328438.9041,NA,2.32219186,3.733216593,0.147064995
108,Germany,1989,0.596677325,0.994091551,1.115384907,5.472676962,2028500,37068155,221283.8,368668.8713,413609.3937,NA,2.470656044,3.002020918,0.203809747
109,Germany,1990,0.693337848,1.155132378,1.246710525,4.707241945,1840500,39101152.5,271105.025,451673.2973,487480.6856,NA,2.422512761,2.284729184,0.264849468
110,Germany,1991,0.806833295,1.344220952,1.415139995,4.330383601,1692000,39074997.5,315246.75,525215.418,552930.8276,NA,2.475499753,1.854883848,0.326793219
111,Germany,1992,0.782776582,1.304141374,1.379864917,7.676997847,2994333.5,39004500,305325.65,508686.4144,538220.5415,NA,3.254722722,4.422275125,0.179740172
112,Germany,1993,0.611192835,1.01827505,1.124908612,8.8136277,3446666.75,39101750,238969.25,398133.6351,439832.0938,NA,3.148733984,5.664893716,0.127632872
113,Germany,1994,0.636088882,1.059752997,1.161980049,9.450949085,3693083.5,39074252.5,248459,413943.9901,453902.8054,NA,3.313882056,6.137067029,0.122948504
114,Germany,1995,0.71137923,1.18519014,1.274141876,9.29657818,3623916.5,38979750,277287.75,461973.9982,496647.9809,NA,3.441679759,5.854898421,0.13705493
115,Germany,1996,0.723301419,1.205053049,1.29091019,10.17094723,3981250,39142000,283110.975,471675.7558,505282.2358,NA,3.623503749,6.547443479,0.126921334
116,Germany,1997,0.743409865,1.238554633,1.319211745,11.16614168,4401333.75,39415250,293032.1,488204.8011,519992.5589,NA,3.838034035,7.328107644,0.11814392
117,Germany,1998,0.918190153,1.529746541,1.576514702,10.72576883,4264083.5,39754000,364996.075,608100.0553,626695.5114,NA,4.112095847,6.613672984,0.146983841
118,Germany,1999,1.006726402,1.677251956,1.709857912,10.39678507,4093750.25,39375157.5,396401.475,660422.8795,673261.1562,NA,4.216280968,6.180504098,0.164460254
119,Germany,2000,1.150701161,1.91712045,1.923744748,9.871526361,3879500,39300725,452249.975,753469.0197,756069.2535,NA,4.357785791,5.513740571,0.194878145
120,Germany,2001,1.090533748,1.816878805,1.83367858,9.786159204,3861250,39455617.5,430250.025,716816.1027,723449.3264,NA,4.236115026,5.550044177,0.187374693
121,Germany,2002,0.939941737,1.565985667,1.610151152,10.31768159,4075500,39499430,371250,618519.3787,635968.3769,NA,4.075908108,6.241773486,0.156057457
122,Germany,2003,0.671326439,1.118460369,1.211366007,11.06954465,4382583.5,39591277.5,265750.025,442751.6238,479540.6807,NA,3.661867024,7.407677622,0.109432325
123,Germany,2004,0.517496222,0.862172234,0.982173415,11.02746986,4388667,39795710,205916.65,343066.5008,390824.1004,NA,3.291031408,7.736438453,0.089066071
124,Germany,2005,0.623055334,1.038038514,1.13271733,11.87239042,4859500.25,40932425,255083.325,424980.4167,463724.8731,NA,3.667159988,8.205230428,0.095407689
125,Germany,2006,0.852957828,1.421066521,1.471151987,10.82544465,4483333.75,41417725,353333.35,588669.4252,609402.8703,565919,3.990723545,6.834721109,0.135897604
126,Germany,2007,1.016733017,1.693923431,1.713134023,9.03667498,3757916.75,41589625,422833.325,704459.5433,712452.3826,571612.9608,3.934594689,5.102080291,0.189575704
127,Germany,2008,0.932606491,1.553764815,1.58796416,7.817041417,3257750.25,41677497.5,388666.65,647536.3094,661792.5198,626896.5482,3.523234537,4.29380688,0.203141326
128,Germany,2009,0.722830675,1.204268768,1.276820118,8.193251875,3416333.25,41698875,301416.65,502173.8426,532424.5604,584469.8339,3.234394662,4.958857213,0.155838016
129,Germany,2010,0.879085929,1.464597124,1.602477589,7.921519403,3234916.5,40837227.5,359000,598110.3217,654438.0576,654438.0576,3.56287206,4.358647344,0.20229422
130,Germany,2011,1.131677231,1.885425718,2.056125942,7.218139169,2972416.75,41184675,466166.65,776654.8329,846749.049,846749.049,3.852454179,3.36568499,0.284855403
131,Germany,2012,1.155516854,1.925143614,1.942271201,7.002538555,2895583.25,41350350,477750,795953.2206,803164.723,803164.723,3.687930174,3.314608381,0.277366727
132,Germany,2013,1.09564365,1.825392133,1.894519267,7.068595489,2948417,41711522.5,457000,761382.7773,790259.251,790259.251,3.659452192,3.409143298,0.268019194
133,Germany,2014,1.167915016,1.945799515,2.073610277,6.900868845,2895500,41959447.5,490083.35,816501.1425,870108.8569,870108.8569,3.782818071,3.118050774,0.300485392
134,Germany,2015,1.34796431,2.245769824,2.193995525,6.623041463,2792083.5,42158322.5,568333.325,946869.1584,925013.4265,925013.4265,3.811944823,2.81109664,0.331267068
135,Germany,2016,1.522445964,2.536464194,2.267092637,6.246472069,2688416.75,43039175,655250,1091676.291,975724.4531,975724.4531,3.763154373,2.483317696,0.36293969
136,Germany,2017,1.686512601,2.80980667,2.54371851,5.846041121,2530250,43282627.5,730000,1216213.189,1101044.136,1101044.136,3.856252457,1.989788664,0.435118135
137,Germany,2018,1.835300667,3.057694353,2.895916867,5.389695745,2338083.5,43380675,796166.675,1326449.878,1256264.37,1256264.37,3.950710166,1.438985579,0.537306186
138,Germany,2019,1.769648093,2.948314179,3.109799261,5.176888736,2266000,43771375,774500.025,1290352.254,1361104.544,1361104.544,4.01236648,1.164522256,0.600708151
139,Germany,2020,1.41262029,2.353489627,1.41262029,6.208141266,2700666.75,43516875,614916.65,1024479.096,614916.65,1044531.318,2.961375747,3.246765519,0.227543194
140,Germany,2021,1.636084268,2.725790773,1.636084268,6.064389662,2609583.25,43035850,704250.025,1173312.56,704250.025,1345635.705,3.149897223,2.914492438,0.269785479
141,Germany,2022,NA,NA,NA,NA,2419166.75,NA,844833.35,1407530.771,844833.35,1853914.438,NA,NA,NA
142,Spain,1955,NA,NA,NA,NA,112075,NA,NA,NA,NA,NA,NA,NA,NA
143,Spain,1956,NA,NA,NA,NA,106075.01,NA,NA,NA,NA,NA,NA,NA,NA
144,Spain,1957,NA,NA,NA,NA,90866.665,NA,NA,NA,NA,NA,NA,NA,NA
145,Spain,1958,NA,NA,NA,NA,80858.335,NA,NA,NA,NA,NA,NA,NA,NA
146,Spain,1959,NA,NA,NA,NA,80075.005,NA,NA,NA,NA,NA,NA,NA,NA
147,Spain,1960,NA,NA,NA,NA,114775.025,NA,NA,NA,NA,NA,NA,NA,NA
148,Spain,1961,NA,NA,NA,NA,124791.675,NA,NA,NA,NA,NA,NA,NA,NA
149,Spain,1962,NA,NA,NA,NA,97208.325,NA,NA,NA,NA,NA,NA,NA,NA
150,Spain,1963,NA,NA,NA,NA,99641.67,NA,NA,NA,NA,NA,NA,NA,NA
151,Spain,1964,NA,NA,NA,NA,130345.825,NA,NA,NA,NA,NA,NA,NA,NA
152,Spain,1965,NA,NA,NA,NA,146776.275,NA,NA,NA,NA,NA,NA,NA,NA
153,Spain,1966,NA,NA,NA,NA,122715.675,NA,NA,NA,NA,NA,NA,NA,NA
154,Spain,1967,NA,NA,NA,NA,146823.825,NA,NA,NA,NA,NA,NA,NA,NA
155,Spain,1968,NA,NA,NA,NA,181740.5,NA,NA,NA,NA,NA,NA,NA,NA
156,Spain,1969,NA,NA,NA,NA,158833.15,NA,NA,NA,NA,NA,NA,NA,NA
157,Spain,1970,NA,NA,NA,NA,145648.425,NA,NA,NA,NA,NA,NA,NA,NA
158,Spain,1971,NA,NA,NA,NA,190795.025,NA,NA,NA,NA,NA,NA,NA,NA
159,Spain,1972,NA,NA,NA,NA,190353.225,NA,NA,NA,NA,NA,NA,NA,NA
160,Spain,1973,NA,NA,NA,NA,149208.225,NA,NA,NA,NA,NA,NA,NA,NA
161,Spain,1974,NA,NA,NA,NA,150483.675,NA,NA,NA,NA,NA,NA,NA,NA
162,Spain,1975,NA,NA,NA,NA,256763.325,NA,NA,NA,NA,NA,NA,NA,NA
163,Spain,1976,NA,NA,NA,NA,376608.15,NA,NA,NA,NA,NA,NA,NA,NA
164,Spain,1977,0.056895808,0.029767764,0.122928082,2.314737209,540088.2,23337770.62,13278.6575,6947.365006,28688.72483,NA,0.533428726,1.781308483,0.053106712
165,Spain,1978,0.067227814,0.035173447,0.127912923,3.55868175,818985.1,23024449.37,15472.105,8094.972014,29447.98201,NA,0.674686139,2.883995611,0.035943906
166,Spain,1979,0.084215628,0.044061435,0.13485569,4.549234764,1038358.2,22803779.43,19206.9775,10049.04926,30740.80018,NA,0.783256148,3.765978616,0.029643599
167,Spain,1980,0.065880528,0.034468551,0.128016999,5.583857316,1278388.25,22898932.87,15093.455,7896.863149,29316.91312,NA,0.845475403,4.738381913,0.022926266
168,Spain,1981,0.050033569,0.026177456,0.123175115,6.885369358,1567001.5,22759550.8,11387.41,5957.868387,28034.07353,NA,0.920926794,5.964442564,0.017889398
169,Spain,1982,0.056083872,0.029342961,0.125275167,8.230594255,1873317.25,22758348.84,12763.38,6677.772928,28510.36262,NA,1.015425561,7.215168693,0.015220671
170,Spain,1983,0.080354032,0.042041056,0.133148937,9.655509659,2208499.5,22872244.89,18381.265,9617.038261,30454.98156,NA,1.133852214,8.521657445,0.013789944
171,Spain,1984,0.100257598,0.052454559,0.139642001,10.7870918,2476553.5,22958653.62,23015.6225,12041.72412,32059.15455,NA,1.227326805,9.55976499,0.012945287
172,Spain,1985,0.164837169,0.086242452,0.161690982,11.47671712,2642677.75,23025838.33,37983.015,19872.63164,37240.08562,NA,1.362234071,10.11448305,0.014088609
173,Spain,1986,0.198386892,0.103795594,0.17189248,11.81735468,2758363.25,23340828.45,46287.6075,24217.57656,40114.70265,NA,1.425241874,10.39211281,0.014545766
174,Spain,1987,0.196636898,0.102880002,0.170747012,12.46136952,2923819.75,23463169.35,46136.3625,24138.4455,40062.34951,NA,1.458678033,11.00269148,0.013702106
175,Spain,1988,0.235442162,0.123182832,0.18444379,12.21035314,2857631,23402913.92,55099.215,28827.79062,43164.82184,NA,1.500707769,10.70964537,0.015105525
176,Spain,1989,0.249699216,0.130642092,0.189895378,10.94912032,2549767.5,23286130.57,58143.98,30420.80511,44218.76077,NA,1.441938744,9.507181572,0.017343437
177,Spain,1990,0.22226734,0.116289794,0.180601471,10.10943523,2349539,23240914,51662.9975,27029.96903,41975.38246,NA,1.351213853,8.758221376,0.017864645
178,Spain,1991,0.183308876,0.095906809,0.169282667,10.05459976,2288880.25,22766479.5,41767.3375,21852.58103,38550.0208,NA,1.304633841,8.749965922,0.016836341
179,Spain,1992,0.143321221,0.074985354,0.158669361,10.229539,2259740,22092564.12,31661.5375,16565.24823,35051.91963,NA,1.274015076,8.955523922,0.0155109
180,Spain,1993,0.096921484,0.050709111,0.145830167,11.8377069,2539291,21458685.8,20798.7725,10881.87298,31291.79664,NA,1.313885373,10.52382153,0.012319123
181,Spain,1994,0.095753867,0.050098217,0.149122092,12.74124375,2647308.75,20775864.61,19878.2425,10400.25366,30973.15713,NA,1.378405211,11.36283854,0.011703888
182,Spain,1995,0.139969034,0.073231497,0.168562528,12.20786369,2449001.5,20059454.16,28014.2975,14657.02012,33789.43526,NA,1.434499343,10.77336434,0.013807701
183,Spain,1996,0.257355979,0.134648094,0.213559657,14.58954144,2824428.5,19357347.96,49806.63,26058.72155,41332.8048,NA,1.765145167,12.82439627,0.014637859
184,Spain,1997,0.268565188,0.140512728,0.223283758,14.23117416,2631673.25,18490892.01,49628.4175,25965.48115,41271.11692,NA,1.782579604,12.44859456,0.015689764
185,Spain,1998,0.417398213,0.218381846,0.278183162,13.09612556,2359359.25,18021034.82,75352.4525,39424.24086,50175.43691,NA,1.908696315,11.18742925,0.021241638
186,Spain,1999,0.800665531,0.418906482,0.413338218,11.78446775,2085220.5,17691999.22,141893.635,74238.44424,73208.52568,NA,2.207027616,9.577440131,0.035074831
187,Spain,2000,0.619872406,0.324315908,0.354416042,11.39669352,1963462.25,17227824.64,106757.6425,55855.36863,61046.27662,NA,2.009768895,9.386924621,0.031098146
188,Spain,2001,0.687613058,0.387543566,0.387543566,11.39901463,1930156.75,16933572.6,116415.675,65613.15928,65613.15928,65613.15928,2.101812261,9.297202367,0.033997988
189,Spain,2002,0.783910751,0.391569338,0.391569338,12.29261101,2049607,16674835.22,130681.95,65278.7618,65278.7618,65278.7618,2.193948394,10.09866262,0.031854041
190,Spain,2003,0.914661418,0.437642905,0.437642905,12.8255063,2096886.75,16350168.43,149539.45,71542.35314,71542.35314,71542.35314,2.36917535,10.45633095,0.034122856
191,Spain,2004,0.933595997,0.510980217,0.510980217,13.09360623,2113718,16142969.72,150698.725,82482.08433,82482.08433,82482.08433,2.586614342,10.50699189,0.039025171
192,Spain,2005,NA,0.57219705,0.57219705,12.92143448,2069853.75,16019008.91,NA,91643.92543,91643.92543,91643.92543,2.719118735,10.20231575,0.044282781
193,Spain,2006,NA,0.656713928,0.656713928,12.92777794,2039414,15774962.39,NA,103577.3584,103577.3584,103577.3584,2.913735031,10.0140429,0.05079867
194,Spain,2007,NA,0.66737956,0.66737956,13.02068242,2039004.5,15660192.66,NA,104515.7732,104515.7732,104515.7732,2.947836037,10.07284638,0.051255344
195,Spain,2008,NA,0.544289495,0.544289495,16.36482396,2539941.25,15525274.4,NA,84517.92899,84517.92899,84517.92899,2.984493554,13.3803304,0.033259722
196,Spain,2009,NA,0.511142843,0.511142843,23.69746191,3644041.5,15380552.79,NA,78600.09527,78600.09527,78600.09527,3.480343093,20.21711881,0.021569518
197,Spain,2010,NA,1.122232277,1.122232277,26.74318503,4060756,15184779.47,NA,170432.2278,170432.2278,170432.2278,5.478326881,21.26485815,0.041963299
198,Spain,2011,NA,0.880600425,0.880600425,28.42463784,4257159.75,14979743.73,NA,131980.5964,131980.5964,131980.5964,5.00307387,23.42156397,0.030980181
199,Spain,2012,NA,0.669858372,0.669858372,32.79968143,4720404.25,14398652.54,NA,96533.01339,96533.01339,96533.01339,4.687338392,28.11234304,0.02042271
200,Spain,2013,NA,0.512825982,0.512825982,34.41502718,4845302.25,14078844.06,NA,72224.89155,72224.89155,72224.89155,4.201061783,30.21396539,0.014901223
201,Spain,2014,NA,0.398213695,0.398213695,32.78089032,4575937.5,13958812.75,NA,55585.7356,55585.7356,55585.7356,3.613004214,29.1678861,0.012147739
202,Spain,2015,NA,0.437990953,0.437990953,30.49242997,4232132,13878911.33,NA,60785.60224,60785.60224,60785.60224,3.65450523,26.83792474,0.014363924
203,Spain,2016,NA,0.514166455,0.514166455,28.17643473,3868898,13729818.63,NA,70583.76353,70583.76353,70583.76353,3.806228783,24.37020595,0.018248102
204,Spain,2017,NA,0.593298014,0.593298014,25.88897175,3507743,13548463.51,NA,80370.19745,80370.19745,80370.19745,3.919167709,21.96980405,0.022917017
205,Spain,2018,NA,0.716894854,0.716894854,24.39948831,3279079.25,13438960,NA,96341.89033,96341.89033,96341.89033,4.182328015,20.2171603,0.029381553
206,Spain,2019,NA,0.758521352,0.758521352,23.46782196,3148752.25,13417335.32,NA,101771.7846,101771.7846,101771.7846,4.219104648,19.24871731,0.032321762
207,Spain,2020,NA,0.638407026,0.638407026,27.81056321,3709825,13340268.37,NA,85167.35005,85167.35005,85167.35005,4.213604034,23.59695917,0.022955559
208,Spain,2021,NA,0.843898478,0.843898478,26.78055184,3565239.5,13311653.15,NA,112326.7049,112326.7049,112326.7049,4.753952769,22.02659907,0.031511616
209,Spain,2022,NA,1.062457314,1.062457314,22.29745602,2962791.5,13288014.26,NA,141189.7171,141189.7171,141189.7171,4.867247192,17.43020883,0.047649262
210,Sweden,1961,NA,NA,NA,NA,NA,NA,39162.125,57014.43493,56676.38439,NA,NA,NA,NA
211,Sweden,1962,NA,NA,NA,NA,NA,NA,37423.455,54483.18088,55148.69653,NA,NA,NA,NA
212,Sweden,1963,NA,NA,NA,NA,NA,NA,41369.645,60228.26731,58616.02878,NA,NA,NA,NA
213,Sweden,1964,NA,NA,NA,NA,NA,NA,47219.09,68744.21994,63755.66202,NA,NA,NA,NA
214,Sweden,1965,NA,NA,NA,NA,NA,NA,53839.39,78382.42684,69572.60943,NA,NA,NA,NA
215,Sweden,1966,NA,NA,NA,NA,NA,NA,44689.2725,65061.16864,61532.82992,NA,NA,NA,NA
216,Sweden,1967,NA,NA,NA,NA,NA,NA,32654.7775,47540.67066,50958.68305,NA,NA,NA,NA
217,Sweden,1968,NA,NA,NA,NA,NA,NA,36233.9725,52751.46503,54103.55399,NA,NA,NA,NA
218,Sweden,1969,NA,NA,NA,NA,NA,NA,57158.87,83215.11344,72489.28097,NA,NA,NA,NA
219,Sweden,1970,1.616674588,2.353646236,1.99847388,1.846948551,71195.90392,3852628.612,62241.335,90614.45323,76955.00482,NA,1.921217957,-0.074269406,1.082040904
220,Sweden,1971,0.92361758,1.344654674,1.383145638,3.064956805,119416.284,3895431.161,35973,52371.52651,53874.24968,NA,2.058951586,1.006005218,0.451277367
221,Sweden,1972,0.810322369,1.179713102,1.281528161,3.320508082,129817.397,3909582.059,31680.17,46121.78198,50102.34111,NA,2.062843817,1.257664265,0.385943395
222,Sweden,1973,0.899304797,1.30925875,1.357351248,3.053092727,119844.5372,3925913.002,35318.5025,51418.67206,53299.1734,NA,2.035710987,1.01738174,0.444582385
223,Sweden,1974,1.224476371,1.782661905,1.634199552,2.409420508,96054.9485,3988296.397,48855.6675,71126.84196,65193.64599,NA,1.98430691,0.425113598,0.678254189
224,Sweden,1975,1.232405584,1.794205702,1.628384016,1.992778256,81363.12025,4081746.79,50281.9175,73203.25732,66446.82503,NA,1.801390646,0.19138761,0.817142605
225,Sweden,1976,1.126345639,1.639797639,1.529869847,1.939562009,79953.31307,4121894.804,46428.5,67593.23433,63061.00763,NA,1.722578716,0.216983292,0.788770785
226,Sweden,1977,0.916658146,1.334522736,1.341837455,2.233551396,92731.97678,4151008.384,38043.8325,55386.3615,55693.79317,NA,1.731202738,0.502348658,0.600764083
227,Sweden,1978,0.82707251,1.204098904,1.258864585,2.819144842,117961.5992,4184242.285,34609.585,50386.5899,52676.28081,NA,1.883858169,0.935286673,0.446541294
228,Sweden,1979,1.166616056,1.698425589,1.550498069,2.597629288,110049.5849,4237714.722,49462.0825,72009.69519,65726.47443,NA,2.006892921,0.590736367,0.596889663
229,Sweden,1980,1.261077315,1.835947629,1.628362518,2.502955731,107125.8317,4279450.117,53960.6675,78558.98948,69679.17029,NA,2.018841078,0.484114654,0.650575836
230,Sweden,1981,0.696203003,1.01357168,1.127866172,3.178236035,137111.4922,4313992.834,30032.75,43723.37483,48654.83035,NA,1.893310569,1.284925466,0.354871746
231,Sweden,1982,0.459287366,0.668656506,0.918250643,3.964984818,171544.4247,4326152.915,19866.6675,28923.01737,39722.36999,NA,1.908101113,2.056883705,0.231589952
232,Sweden,1983,0.47774356,0.695526076,0.931207398,4.367574395,190157.2815,4353717.058,20800,30281.81557,40542.44553,NA,2.016709594,2.350864801,0.213209281
233,Sweden,1984,0.662999882,0.9652327,1.091237113,3.917567619,171462.8592,4377293.73,29033.335,42268.36999,47776.69121,NA,2.067606147,1.849961472,0.278549656
234,Sweden,1985,0.823881907,1.199453844,1.228605434,3.590498375,158395.2265,4411846.515,36349.9975,52920.38078,54205.49972,NA,2.100310885,1.49018749,0.342182423
235,Sweden,1986,0.879381228,1.280252892,1.274732018,3.366551887,149303.2733,4435020.338,39000,56778.40419,56533.93275,NA,2.071581879,1.294970009,0.378646182
236,Sweden,1987,1.034957037,1.506748947,1.408880953,2.881761324,128440.257,4457671.232,46141.665,67175.64373,62808.97916,NA,2.014958719,0.866802604,0.488895781
237,Sweden,1988,1.156466364,1.683649094,1.510332348,2.452062899,110469.1009,4505595.036,52108.335,75862.25914,68051.61251,NA,1.924429764,0.527633135,0.615943559
238,Sweden,1989,1.095788207,1.595310403,1.451336356,2.174895548,99136.13684,4558053.1,49950,72720.03306,66155.18468,NA,1.77665556,0.398239988,0.66731313
239,Sweden,1990,0.900766849,1.311387288,1.274320538,2.395493142,110494.9019,4611399.065,41524.9975,60454.43826,58752.52974,NA,1.747176611,0.648316531,0.531965847
240,Sweden,1991,0.403707815,0.587740654,0.839922612,3.882021947,178014.2414,4589214.329,18550,27006.1384,38565.47596,NA,1.805712606,2.076309341,0.216362149
241,Sweden,1992,0.233686564,0.340214107,0.698115571,6.560243401,296235.8045,4518658.914,10566.6665,15383.55029,31550.89488,NA,2.140048613,4.420194788,0.106416108
242,Sweden,1993,0.194476244,0.283129508,0.673378551,10.21955365,452730.4936,4431164.663,8616.6665,12544.63009,29837.52124,NA,2.623285769,7.596267882,0.06589119
243,Sweden,1994,0.267927633,0.390064191,0.739676069,10.55918638,466244.0744,4415680.936,11833.3325,17227.63425,32663.85494,NA,2.794705257,7.764481125,0.070050479
244,Sweden,1995,0.336179708,0.489429419,0.795538509,9.986270939,444577.4442,4451953.911,14966.665,21789.31679,35416.96739,NA,2.818592396,7.167678542,0.079663221
245,Sweden,1996,0.31453322,0.457915238,0.775135438,10.75546306,480150.6318,4464278.345,14041.6675,20442.65315,34604.21543,NA,2.887376071,7.868086993,0.072068997
246,Sweden,1997,0.364436985,0.53056796,0.822449148,10.98932386,487314.7727,4433547.885,16150,23512.08276,36456.70841,NA,3.00635328,7.982970576,0.074840742
247,Sweden,1998,0.521837437,0.759720434,0.96218581,9.296486403,410928.3121,4420880.244,23075,33593.88915,42541.38143,NA,2.990810475,6.305675928,0.103499943
248,Sweden,1999,0.57883223,0.842696675,1.008636979,7.949127777,353964.2733,4452898.514,25774.9975,37524.6981,44913.74272,NA,2.831569217,5.117558561,0.126886497
249,Sweden,2000,0.782232788,1.138818703,1.183519049,6.668371577,299171.7693,4487411.46,35108.335,51112.69834,53114.50906,NA,2.809296138,3.859075439,0.177482469
250,Sweden,2001,0.603547657,0.878678789,1.021668624,5.871778897,266093.4838,4531614.222,27350,39817.67576,46297.62362,68990.92817,2.449288114,3.422490783,0.17399644
251,Sweden,2002,0.642720264,0.935708485,1.054684635,5.996181639,272508.9924,4544586.96,29209.085,42524.23677,47931.1145,54350.34659,2.514772484,3.481409155,0.17589271
252,Sweden,2003,0.553584124,0.805939054,0.97425194,6.642771366,303214.5352,4564274.074,25263,36779.30321,44463.87451,44208.65499,2.54396008,4.098811286,0.146663476
253,Sweden,2004,0.455125544,0.662597489,0.885710793,7.448390503,341386.9133,4583340.227,20859.4175,30368.31892,40594.6529,37720.7206,2.568485908,4.879904595,0.118913045
254,Sweden,2005,0.484082913,0.704755264,0.90778795,7.669405473,353989.8495,4615404.429,22348.4175,32536.08928,41902.96743,42002.47768,2.638596951,5.030808521,0.11836484
255,Sweden,2006,0.693646466,1.009849729,1.086180054,7.078142754,330556.5255,4670975.408,32414.835,47191.34881,50747.85682,47046.49725,2.772749083,4.30539367,0.153455517
256,Sweden,2007,0.893130211,1.300269439,1.254878098,6.165086044,291972.0028,4736363.783,42312.665,61601.16912,59444.61627,54929.28334,2.781444131,3.383641914,0.203545918
257,Sweden,2008,0.794986591,1.15738641,1.164534802,6.15516943,294116.5889,4778045.208,37980.4175,55294.03836,55638.07338,49061.78816,2.677295092,3.477874338,0.189196222
258,Sweden,2009,0.564356946,0.821622738,0.961387636,8.402836881,401906.8934,4783223.563,26995.75,39301.93859,45986.36075,33637.44906,2.842249722,5.560587159,0.114412269
259,Sweden,2010,0.691053657,1.00607497,1.046815702,8.671050076,417194.2849,4811781.612,33264,48427.61121,50389.12359,50389.12359,3.012804569,5.658245507,0.120725367
260,Sweden,2011,0.928631439,1.351954134,1.320049133,7.858233953,382924.4385,4872989.726,45255.9175,65886.12246,64328.85112,64328.85112,3.22075378,4.637480173,0.167982926
261,Sweden,2012,0.948023392,1.380186035,1.33172217,8.042665204,393739.5232,4895294.292,46406.835,67561.6932,65182.53356,65182.53356,3.272704624,4.76996058,0.165582196
262,Sweden,2013,0.971412243,1.414236846,1.260492535,8.147410358,403127.8466,4948019.98,48065.1675,69975.98738,62371.53499,62371.53499,3.204645056,4.942765302,0.15471082
263,Sweden,2014,1.074554988,1.564397883,1.404710288,8.02451271,400272.9318,4988277.563,53612.25,78051.74359,70072.69405,70072.69405,3.357397141,4.667115569,0.17505241
264,Sweden,2015,1.449698731,2.110553346,1.659647548,7.506187957,377384.069,5028079.706,72913.1675,106151.1101,83464.79308,83464.79308,3.529536292,3.976651665,0.221103915
265,Sweden,2016,1.863324901,2.712733702,1.931572428,6.992685497,355481.6923,5083682.069,94728.5,137911.1041,98208.39359,98208.39359,3.675170541,3.317514956,0.276227557
266,Sweden,2017,1.943151301,2.828949486,2.153558799,6.710265055,346832.9011,5168751.137,100445.9075,146234.8291,111323.4647,111323.4647,3.801440563,2.908824492,0.320934983
267,Sweden,2018,2.059394725,2.998183232,2.280674361,6.377361993,333810.5523,5234001.136,107790.6,156927.6476,119371.1605,119371.1605,3.813749597,2.563612396,0.357620339
268,Sweden,2019,1.903028208,2.77053602,2.208865524,6.840008435,361740.8855,5288029.368,100624.0225,146494.139,116797.6669,116797.6669,3.886985826,2.953022608,0.322933158
269,Sweden,2020,1.560300864,2.271574182,1.560300864,8.448431817,447737.6154,5299505.959,82708.8325,120412.1929,82708.8325,88048.08251,3.630715558,4.817716259,0.184685264
270,Sweden,2021,2.065090216,3.006475051,2.065090216,8.825514781,468769.4008,5312010.765,109732.7525,159755.1429,109732.7525,121812.3294,4.269131554,4.556383227,0.233990908
271,Sweden,2022,2.991149388,4.354684333,2.991149388,7.392171982,397646.1,5379465.537,160918.9,234274.8294,160918.9,161510.5989,4.702243156,2.689928826,0.404637419
272,United Kingdom,1955,NA,NA,NA,NA,238041.675,NA,NA,NA,NA,NA,NA,NA,NA
273,United Kingdom,1956,NA,NA,NA,NA,255258.325,NA,NA,NA,NA,NA,NA,NA,NA
274,United Kingdom,1957,NA,NA,NA,NA,321008.325,NA,NA,NA,NA,NA,NA,NA,NA
275,United Kingdom,1958,NA,NA,NA,NA,445316.675,NA,NA,NA,NA,NA,NA,NA,NA
276,United Kingdom,1959,NA,NA,NA,NA,467074.975,NA,157341.65,157673.1735,160247.9276,NA,NA,NA,NA
277,United Kingdom,1960,NA,NA,NA,NA,366958.325,NA,228108.35,228588.9811,230770.1394,NA,NA,NA,NA
278,United Kingdom,1961,NA,NA,NA,NA,339275,NA,232116.65,232605.7267,234764.5913,NA,NA,NA,NA
279,United Kingdom,1962,NA,NA,NA,NA,457000.025,NA,156175.025,156504.0904,159085.3331,NA,NA,NA,NA
280,United Kingdom,1963,NA,NA,NA,NA,537450,NA,145524.975,145831.6004,148472.0774,NA,NA,NA,NA
281,United Kingdom,1964,NA,NA,NA,NA,391600.025,NA,222283.35,222751.7076,224965.2639,NA,NA,NA,NA
282,United Kingdom,1965,NA,NA,NA,NA,337750,NA,266900,267462.3662,269427.7701,NA,NA,NA,NA
283,United Kingdom,1966,NA,NA,NA,NA,353191.675,NA,256575,257115.6111,259138.4414,NA,NA,NA,NA
284,United Kingdom,1967,NA,NA,NA,NA,547358.35,NA,175016.675,175385.4403,177861.8881,NA,NA,NA,NA
285,United Kingdom,1968,NA,NA,NA,NA,574683.35,NA,189291.65,189690.4931,192087.5452,NA,NA,NA,NA
286,United Kingdom,1969,NA,NA,NA,NA,566608.325,NA,201925,202350.462,204677.2489,NA,NA,NA,NA
287,United Kingdom,1970,NA,NA,NA,NA,602241.675,NA,188141.675,188538.0951,190941.5432,NA,NA,NA,NA
288,United Kingdom,1971,0.512087899,0.513166883,0.523813367,2.538772385,648958.325,25564750,130925,131200.8629,133922.5431,NA,1.153188151,1.385584234,0.206325455
289,United Kingdom,1972,0.572992532,0.574199844,0.584439186,2.799659916,719316.65,25695000,147258.325,147568.6027,150199.439,NA,1.279152438,1.520507477,0.208753635
290,United Kingdom,1973,1.183686063,1.186180124,1.192910795,1.973334495,511341.65,25911250,306691.65,307337.8584,309081.946,NA,1.534278991,0.439055505,0.60451525
291,United Kingdom,1974,1.154522639,1.156955253,1.163813709,1.978723602,514091.675,25978500,299916.675,300548.6083,302330.3775,NA,1.517519573,0.461204029,0.588163859
292,United Kingdom,1975,0.582106445,0.58333296,0.593309895,3.022902028,789475.025,26106750,151900,152220.0578,154825.0777,NA,1.339222791,1.683679237,0.196271626
293,United Kingdom,1976,0.466440023,0.467422826,0.477996237,4.129499941,1081916.75,26199500,122208.35,122465.8466,125236.0078,NA,1.404950331,2.72454961,0.115751603
294,United Kingdom,1977,0.588714431,0.589954869,0.599808264,4.377448249,1150400,26279250,154716.675,155042.6676,157632.0215,NA,1.620379472,2.757068777,0.137022354
295,United Kingdom,1978,0.796724196,0.798402918,0.807042595,4.293538937,1133166.75,26393500,210316.65,210759.7934,213039.907,NA,1.861469528,2.432069409,0.187966758
296,United Kingdom,1979,0.9061448,0.908054074,0.915970743,3.994975579,1063650,26626750,241266.675,241775.031,243883.0044,NA,1.912924659,2.08205092,0.229280687
297,United Kingdom,1980,0.498981404,0.500032773,0.510073233,5.016330549,1350991.75,26919250,134216.66,134499.4585,137202.8309,NA,1.59959243,3.41673812,0.10168254
298,United Kingdom,1981,0.336896476,0.337606327,0.348491327,7.961192561,2152441.75,27039250,91083.34,91275.2553,94218.53,NA,1.665654995,6.295537567,0.043773759
299,United Kingdom,1982,0.424457388,0.425351733,0.435851591,9.402175244,2521883.5,26825250,113858.325,114098.2279,116914.8309,NA,2.02434015,7.377835094,0.046356463
300,United Kingdom,1983,0.511172703,0.512249759,0.522253216,10.2836437,2761858.5,26856000,137333.325,137622.6904,140308.7283,NA,2.317469739,7.96617396,0.050784842
301,United Kingdom,1984,0.545533082,0.546682537,0.556181544,10.49052746,2887750,27526250,150166.675,150483.0806,153097.741,NA,2.415499484,8.075027979,0.0530175
302,United Kingdom,1985,0.584189439,0.585420344,0.594606162,10.8034748,2997249.75,27743250,162075,162416.4968,164964.9246,NA,2.534524154,8.268950643,0.055038418
303,United Kingdom,1986,0.676390816,0.677815991,0.686416539,10.98930788,3066633.5,27906000,188791.675,189189.4647,191589.2975,NA,2.746496438,8.242811445,0.062462218
304,United Kingdom,1987,0.835096207,0.836855779,0.844454048,9.866297898,2779616.5,28178750,235375,235870.9421,238011.6842,NA,2.886457206,6.979840693,0.085589758
305,United Kingdom,1988,0.872009459,0.873846809,0.881095252,7.90310678,2253116.5,28515250,248641.65,249165.5453,251232.5,NA,2.638823575,5.264283204,0.111487201
306,United Kingdom,1989,0.761405239,0.763009542,0.770740668,6.132977189,1768016.75,28830750,219508.35,219970.8606,222199.8511,NA,2.174151544,3.958825645,0.125671537
307,United Kingdom,1990,0.600326142,0.601591047,0.610179367,5.698169847,1648133.5,28924250,173641.675,174007.5432,176491.6385,NA,1.864646258,3.833523589,0.107083394
308,United Kingdom,1991,0.410838909,0.411704559,0.421443437,7.907022362,2267841.75,28692250,117908.325,118156.7613,120950.8387,NA,1.825476014,6.081546348,0.053299892
309,United Kingdom,1992,0.412913309,0.413783329,0.423650974,9.667700759,2741550,28361000,117108.35,117355.1008,120153.6275,NA,2.023791205,7.643909553,0.043821275
310,United Kingdom,1993,0.452842673,0.453796826,0.463497898,10.18917006,2876641.5,28232000,127841.675,128111.0412,130849.8705,NA,2.173167943,8.016002113,0.045489269
311,United Kingdom,1994,0.56064894,0.561830244,0.570954373,9.221056971,2598583.5,28179750,157975.025,158307.8831,160879.1144,NA,2.294515809,6.926541162,0.061918539
312,United Kingdom,1995,0.643803316,0.645159828,0.653789122,8.104155856,2289658.5,28254500,181908.35,182291.6363,184729.7534,NA,2.301827305,5.802328551,0.080673316
313,United Kingdom,1996,0.792954636,0.794625415,0.802381512,7.362360461,2087491.5,28355750,224883.325,225357.1608,227556.2564,NA,2.430518858,4.931841603,0.108984274
314,United Kingdom,1997,0.993546495,0.995639927,1.002213247,5.557256627,1584491.5,28513000,283291.675,283888.579,285762.8144,NA,2.359990722,3.197265905,0.180343165
315,United Kingdom,1998,1.034969988,1.0371507,1.043463893,4.715440648,1347758.25,28583500,295850,296473.3647,298277.7523,NA,2.218195676,2.497244973,0.221286614
316,United Kingdom,1999,1.087484395,1.089775757,1.095666712,4.319732749,1248058.5,28895000,314266.675,314928.8442,316630.8005,NA,2.175543007,2.144189741,0.253642245
317,United Kingdom,2000,1.23240091,1.234997616,1.240010511,3.744110707,1088400,29070250,358266.675,359021.5535,360478.7871,NA,2.154701054,1.589409653,0.331189596
318,United Kingdom,2001,1.917149013,1.921188503,1.922340058,3.321807341,969941.675,29200500,560000.025,561179.9617,561515.1791,NA,2.526983047,0.794824295,0.578703056
319,United Kingdom,2002,2.075179115,2.079551579,2.079715141,3.212068827,946650,29472750,611583.325,612871.9492,612920.2666,611749.8464,2.584606,0.627462828,0.647469047
320,United Kingdom,2003,1.998672896,2.002884159,2.003379243,3.140479114,933050.025,29711000,593833.35,595084.5745,595231.6151,594500.0362,2.508300355,0.632178759,0.63792153
321,United Kingdom,2004,2.154917845,2.159458321,2.158990338,2.849034411,853341.675,29953750,645499.975,646860.0626,646719.7397,644500.0729,2.480128579,0.368905833,0.757797214
322,United Kingdom,2005,2.07183879,2.076204215,2.076061559,2.842607402,861775,30313750,628000.025,629323.2397,629280.2494,628500.2284,2.429285482,0.413321919,0.730337069
323,United Kingdom,2006,1.97884273,1.98301221,1.983204032,3.066930367,944900,30808500,609666.65,610951.2357,611010.2134,608000.3168,2.466241811,0.600688556,0.646641363
324,United Kingdom,2007,2.149182451,2.153710842,2.152874437,2.786052415,864466.675,31032500,667000,668405.3888,668145.4854,667500.2495,2.449085753,0.336966662,0.772732927
325,United Kingdom,2008,1.984701515,1.98888334,1.98882643,2.883340531,906083.425,31414750,623333.35,624646.7318,624629.697,623750.1818,2.39467406,0.488666471,0.68976467
326,United Kingdom,2009,1.415838872,1.418822086,1.421878861,4.840944866,1527683.25,31559000,446833.325,447774.8161,448739.4528,445750.4352,2.623592417,2.217352449,0.293719284
327,United Kingdom,2010,1.487526336,1.490660598,1.485462433,4.717307558,1496358.25,31725250,471916.675,472911.0174,471250.2546,471250.2546,2.647146229,2.070161328,0.314896244
328,United Kingdom,2011,1.463846981,1.46693135,1.463849711,4.799245066,1534408.25,31971000,468000.025,468986.1149,468000.185,468000.185,2.650542115,2.14870295,0.305016662
329,United Kingdom,2012,1.494677078,1.497826406,1.495966322,4.91408452,1585575,32267500,482333.325,483349.6156,482750.1679,482750.1679,2.711329,2.20275552,0.304424215
330,United Kingdom,2013,1.659929515,1.663427035,1.661226159,4.371747294,1421224.75,32517250,539833.325,540970.7698,540250.179,540250.179,2.694895353,1.676851941,0.379991351
331,United Kingdom,2014,2.040062469,2.044360941,2.037778963,3.161144511,1036116.675,32779500,668749.975,670159.051,667999.9892,667999.9892,2.538053148,0.623091363,0.644633282
332,United Kingdom,2015,2.227365958,2.232059084,2.2273848,2.413330258,797908.35,33065250,736500,738051.8273,736499.9623,736499.9623,2.318494153,0.094836106,0.922950679
333,United Kingdom,2016,2.250017013,2.254757865,2.249290008,2.315343886,772808.35,33377250,751000,752582.3793,750749.9294,750749.9294,2.282077971,0.033265914,0.971471245
334,United Kingdom,2017,2.371985084,2.376982927,2.369249167,2.37134398,795200,33533000,795416.675,797092.6415,794499.8629,794499.8629,2.370296342,0.001047638,0.999116614
335,United Kingdom,2018,2.477026543,2.482245712,2.477070789,2.662244574,900466.675,33819500,837750,839515.1641,837749.9177,837749.9177,2.567989148,0.094255425,0.930444488
336,United Kingdom,2019,2.415247972,2.420336971,2.417715248,3.321683233,1132958.25,34104000,823666.65,825402.14,824499.9772,824499.9772,2.833881473,0.48780176,0.727858462
337,United Kingdom,2020,1.624927759,1.62835153,1.624927759,6.595193918,2243341.75,34060250,553999.975,555167.2694,553999.975,NA,3.27363921,3.321554709,0.246380589
338,United Kingdom,2021,2.852407947,2.858418055,2.852407947,6.720733606,2280008.5,33931250,968249.825,970289.9561,968249.825,NA,4.37838714,2.342346466,0.424419135
339,United Kingdom,2022,3.648107892,3.655794563,3.648107892,4.691646271,1595266.5,34005750,1240500.25,1243114.021,1240500.25,NA,4.137104276,0.554541996,0.777575222
340,United States,1930,1.484596348,1.484596348,1.484596348,8.940000002,NA,NA,NA,NA,NA,NA,3.64311561,5.296884391,0.166062231
341,United States,1931,1.148903876,1.148903876,1.148903876,15.65,NA,NA,NA,NA,NA,NA,4.240323768,11.40967623,0.073412388
342,United States,1932,0.828073034,0.828073034,0.828073034,22.89,NA,NA,NA,NA,NA,NA,4.353687144,18.53631285,0.036176192
343,United States,1933,0.795329562,0.795329562,0.795329562,20.9,NA,NA,NA,NA,NA,NA,4.077056271,16.82294373,0.038054046
344,United States,1934,0.832477628,0.832477628,0.832477628,16.2,NA,NA,NA,NA,NA,NA,3.672347691,12.52765231,0.051387508
345,United States,1935,0.910937816,0.910937816,0.910937816,14.39,NA,NA,NA,NA,NA,NA,3.620551777,10.76944822,0.063303531
346,United States,1936,1.227710933,1.227710933,1.227710933,9.97,NA,NA,NA,NA,NA,NA,3.498610867,6.471389133,0.123140515
347,United States,1937,1.218328027,1.218328027,1.218328027,9.179999999,NA,NA,NA,NA,NA,NA,3.344286364,5.835713635,0.132715471
348,United States,1938,0.812081982,0.812081982,0.812081982,12.47,NA,NA,NA,NA,NA,NA,3.182241712,9.287758289,0.065122853
349,United States,1939,0.913037534,0.913037534,0.913037534,11.27,NA,NA,NA,NA,NA,NA,3.207792544,8.062207454,0.081014866
350,United States,1940,1.021157734,1.021157734,1.021157734,9.51,NA,NA,NA,NA,NA,NA,3.116281446,6.393718554,0.107377259
351,United States,1941,1.615027497,1.615027497,1.615027497,5.990000001,NA,NA,NA,NA,NA,NA,3.110307815,2.879692185,0.269620617
352,United States,1942,2.760474318,2.760474318,2.760474318,3.1,NA,NA,NA,NA,NA,NA,2.925315433,0.174684567,0.890475586
353,United States,1943,4.834383427,4.834383427,4.834383427,1.769999998,NA,NA,NA,NA,NA,NA,2.925210874,-1.155210876,2.731290074
354,United States,1944,5.935774994,5.935774994,5.935774994,1.23,NA,NA,NA,NA,NA,NA,2.702036869,-1.472036869,4.825833329
355,United States,1945,6.159960813,6.159960813,6.159960813,1.93,NA,NA,NA,NA,NA,NA,3.448002954,-1.518002954,3.191689541
356,United States,1946,4.517105618,4.517105618,4.517105618,3.95,NA,NA,NA,NA,NA,NA,4.224046306,-0.274046306,1.143571043
357,United States,1947,3.86757822,3.86757822,3.86757822,4.410000001,NA,NA,NA,NA,NA,NA,4.129893455,0.280106545,0.877001864
358,United States,1948,3.249839273,3.249839273,3.249839273,3.75,NA,NA,NA,NA,NA,NA,3.490973685,0.259026315,0.866623806
359,United States,1949,1.973603685,1.973603685,1.973603685,6.05,NA,NA,NA,NA,NA,NA,3.45547425,2.59452575,0.326215485
360,United States,1950,2.353068467,2.353068467,2.353068467,5.208333333,NA,NA,NA,NA,NA,NA,3.5007949,1.707538434,0.451789146
361,United States,1951,3.365223037,3.365223037,3.365223037,3.283333333,NA,NA,NA,NA,NA,NA,3.324026018,-0.040692685,1.024941026
362,United States,1952,3.565304743,3.565304743,3.565304743,3.025,NA,NA,NA,NA,NA,NA,3.284059507,-0.259059507,1.178613138
363,United States,1953,3.35475713,3.35475713,3.35475713,2.925,NA,NA,NA,NA,NA,NA,3.132517295,-0.207517295,1.146925515
364,United States,1954,2.126594048,2.126594048,2.126594048,5.591666667,NA,NA,NA,NA,NA,NA,3.448362662,2.143304005,0.380314882
365,United States,1955,2.938916062,2.938916062,2.938916062,4.366666667,NA,NA,NA,NA,NA,NA,3.582354924,0.784311743,0.673034213
366,United States,1956,3.312180418,3.312180418,3.312180418,4.125,NA,NA,NA,NA,NA,NA,3.696314952,0.428685048,0.802952828
367,United States,1957,2.820059017,2.820059017,2.820059017,4.3,NA,NA,NA,NA,NA,NA,3.482277096,0.817722904,0.655827678
368,United States,1958,2.000600432,2.000600432,2.000600432,6.841666667,NA,NA,NA,NA,NA,NA,3.699654212,3.142012455,0.292414192
369,United States,1959,2.808526388,2.808526388,2.808526388,5.45,NA,NA,NA,NA,NA,NA,3.912348248,1.537651752,0.515325943
370,United States,1960,2.591410698,2.591410698,2.591410698,5.541666667,NA,NA,NA,NA,NA,NA,3.789555948,1.752110719,0.467622983
371,United States,1961,2.359613527,2.359613527,2.359613527,6.691666667,NA,NA,NA,NA,NA,NA,3.973631486,2.718035181,0.352619705
372,United States,1962,2.725611975,2.725611975,2.725611975,5.566666667,NA,NA,NA,NA,NA,NA,3.895198753,1.671467913,0.489630894
373,United States,1963,2.651008397,2.651008397,2.651008397,5.641666667,NA,NA,NA,NA,NA,NA,3.867312465,1.774354201,0.469898091
374,United States,1964,2.963785745,2.963785745,2.963785745,5.158333333,NA,NA,NA,NA,NA,NA,3.910012123,1.24832121,0.574562665
375,United States,1965,3.659047904,3.659047904,3.659047904,4.508333333,NA,NA,NA,NA,NA,NA,4.061552368,0.446780966,0.811618759
376,United States,1966,4.449657133,4.449657133,4.449657133,3.791666667,NA,NA,NA,NA,NA,NA,4.10750735,-0.315840683,1.173535947
377,United States,1967,4.195850937,4.195850937,4.195850937,3.841666667,NA,NA,NA,NA,NA,NA,4.014855001,-0.173188335,1.092195472
378,United States,1968,4.513606608,4.513606608,4.513606608,3.558333333,NA,NA,NA,NA,NA,NA,4.007607372,-0.449274039,1.268460874
379,United States,1969,4.85286148,4.85286148,4.85286148,3.491666667,NA,NA,NA,NA,NA,NA,4.116378829,-0.624712163,1.389840997
380,United States,1970,3.650001773,3.650001773,3.650001773,4.983333333,NA,NA,NA,NA,NA,NA,4.264876962,0.718456371,0.732441827
381,United States,1971,3.184062095,3.184062095,3.184062095,5.95,NA,NA,NA,NA,NA,NA,4.352604906,1.597395094,0.535136487
382,United States,1972,3.823391958,3.823391958,3.823391958,5.6,NA,NA,NA,NA,NA,NA,4.627201635,0.972798365,0.682748564
383,United States,1973,4.571347322,4.571347322,4.571347322,4.858333333,NA,NA,NA,NA,NA,NA,4.712656265,0.145677068,0.940929123
384,United States,1974,3.884019338,3.884019338,3.884019338,5.641666667,NA,NA,NA,NA,NA,NA,4.681062105,0.960604562,0.688452468
385,United States,1975,2.776139897,2.776139897,2.776139897,8.475,NA,NA,NA,NA,NA,NA,4.850544879,3.624455121,0.327568129
386,United States,1976,3.201242078,3.201242078,3.201242078,7.7,NA,NA,NA,NA,NA,NA,4.964832727,2.735167273,0.415745724
387,United States,1977,3.852380567,3.852380567,3.852380567,7.05,NA,NA,NA,NA,NA,NA,5.211456898,1.838543102,0.54643696
388,United States,1978,4.720995098,4.720995098,4.720995098,6.066666667,NA,NA,NA,NA,NA,NA,5.351701,0.714965666,0.778186005
389,United States,1979,4.854252938,4.854252938,4.854252938,5.85,NA,NA,NA,NA,NA,NA,5.328919185,0.521080815,0.829786827
390,United States,1980,3.898713579,3.898713579,3.898713579,7.175,NA,NA,NA,NA,NA,NA,5.288976265,1.886023735,0.543374715
391,United States,1981,3.546145501,3.546145501,3.546145501,7.616666667,NA,NA,NA,NA,NA,NA,5.197096135,2.419570532,0.46557709
392,United States,1982,2.540790677,2.540790677,2.540790677,9.708333333,NA,NA,NA,NA,NA,NA,4.966572542,4.741760791,0.261712344
393,United States,1983,2.799827118,2.799827118,2.799827118,9.6,NA,NA,NA,NA,NA,NA,5.184432499,4.415567501,0.291648658
394,United States,1984,3.774856315,3.774856315,3.774856315,7.508333333,NA,NA,NA,NA,NA,NA,5.323803105,2.184530229,0.502755558
395,United States,1985,3.957710127,3.957710127,3.957710127,7.191666667,NA,NA,NA,NA,NA,NA,5.335028772,1.856637895,0.550318905
396,United States,1986,3.902462302,3.902462302,3.902462302,7,NA,NA,NA,NA,NA,NA,5.226589338,1.773410662,0.557494615
397,United States,1987,4.166824553,4.166824553,4.166824553,6.175,NA,NA,NA,NA,NA,NA,5.072488701,1.102511299,0.674789401
398,United States,1988,4.228538674,4.228538674,4.228538674,5.491666667,NA,NA,NA,NA,NA,NA,4.818892496,0.672774171,0.769991868
399,United States,1989,3.956019112,3.956019112,3.956019112,5.258333333,NA,NA,NA,NA,NA,NA,4.560928322,0.697405011,0.75233327
400,United States,1990,3.330132308,3.330132308,3.330132308,5.616666667,NA,NA,NA,NA,NA,NA,4.324840243,1.291826424,0.592901895
401,United States,1991,2.453061538,2.453061538,2.453061538,6.85,NA,NA,NA,NA,NA,NA,4.099203769,2.750796231,0.358111173
402,United States,1992,2.438898908,2.438898908,2.438898908,7.491666667,NA,NA,NA,NA,NA,NA,4.274507885,3.217158782,0.325548241
403,United States,1993,2.685774407,2.685774407,2.685774407,6.908333333,NA,NA,NA,NA,NA,NA,4.307461533,2.6008718,0.388773135
404,United States,1994,3.162532165,3.162532165,3.162532165,6.1,NA,NA,NA,NA,NA,NA,4.392202888,1.707797112,0.518447896
405,United States,1995,3.239198491,3.239198491,3.239198491,5.591666667,NA,NA,NA,NA,NA,NA,4.255880429,1.335786237,0.579290341
406,United States,1996,3.240484843,3.240484843,3.240484843,5.408333333,NA,NA,NA,NA,NA,NA,4.186361451,1.221971883,0.599165148
407,United States,1997,3.456806477,3.456806477,3.456806477,4.941666667,NA,NA,NA,NA,NA,NA,4.13308424,0.808582426,0.69952239
408,United States,1998,3.671254494,3.671254494,3.671254494,4.5,NA,NA,NA,NA,NA,NA,4.064559659,0.435440341,0.815834332
409,United States,1999,3.75876158,3.75876158,3.75876158,4.216666667,NA,NA,NA,NA,NA,NA,3.981136102,0.235530565,0.891405908
410,United States,2000,3.698514111,3.698514111,3.698514111,3.966666667,NA,NA,NA,NA,NA,NA,3.830244462,0.136422205,0.932398515
411,United States,2001,2.975347738,2.975347738,2.975347738,4.741666667,NA,NA,NA,NA,NA,NA,3.756076037,0.98559063,0.627489857
412,United States,2002,2.371354,2.371354,2.371354,5.783333333,NA,NA,NA,NA,NA,NA,3.703286464,2.080046869,0.410032392
413,United States,2003,2.239445558,2.239445558,2.239445558,5.991666667,NA,NA,NA,NA,NA,NA,3.663060373,2.328606293,0.373760037
414,United States,2004,2.427296988,2.427296988,2.427296988,5.541666667,NA,NA,NA,NA,NA,NA,3.667597417,1.87406925,0.438008479
415,United States,2005,2.717179228,2.717179228,2.717179228,5.083333333,NA,NA,NA,NA,NA,NA,3.716494012,1.366839321,0.534527061
416,United States,2006,2.90385741,2.90385741,2.90385741,4.608333333,NA,NA,NA,NA,NA,NA,3.6581338,0.950199533,0.630131807
417,United States,2007,2.933141484,2.933141484,2.933141484,4.616666667,NA,NA,NA,NA,NA,NA,3.679855502,0.936811164,0.635337506
418,United States,2008,2.374181118,2.374181118,2.374181118,5.8,NA,NA,NA,NA,NA,NA,3.710828814,2.089171186,0.409341572
419,United States,2009,1.588848642,1.588848642,1.588848642,9.283333333,NA,NA,NA,NA,NA,NA,3.840548341,5.442784993,0.171150662
420,United States,2010,1.847073656,1.847073656,1.847073656,9.608333333,NA,NA,NA,NA,NA,NA,4.212754369,5.395578964,0.192236634
421,United States,2011,2.107260657,2.107260657,2.107260657,8.933333333,NA,NA,NA,NA,NA,NA,4.338762711,4.594570622,0.235887387
422,United States,2012,2.360935436,2.360935436,2.360935436,8.075,NA,NA,NA,NA,NA,NA,4.366297475,3.708702525,0.292375905
423,United States,2013,2.513941665,2.513941665,2.513941665,7.358333333,NA,NA,NA,NA,NA,NA,4.300979046,3.057354288,0.341645526
424,United States,2014,2.927267412,2.927267412,2.927267412,6.175,NA,NA,NA,NA,NA,NA,4.251573387,1.923426613,0.474051403
425,United States,2015,3.415062325,3.415062325,3.415062325,5.266666667,NA,NA,NA,NA,NA,NA,4.24098985,1.025676816,0.648429555
426,United States,2016,3.573465602,3.573465602,3.573465602,4.866666667,NA,NA,NA,NA,NA,NA,4.170235716,0.696430951,0.734273754
427,United States,2017,3.675671321,3.675671321,3.675671321,4.35,NA,NA,NA,NA,NA,NA,3.998646052,0.351353948,0.844981913
428,United States,2018,4.382056326,4.382056326,4.382056326,3.891666667,NA,NA,NA,NA,NA,NA,4.129588664,-0.237921998,1.126010191
429,United States,2019,4.377027853,4.377027853,4.377027853,3.675,NA,NA,NA,NA,NA,NA,4.010682904,-0.335682904,1.191027987
430,United States,2020,3.958458502,3.958458502,3.958458502,8.091666667,NA,NA,NA,NA,NA,NA,5.659551812,2.432114855,0.489201875
431,United States,2021,6.093572947,6.093572947,6.093572947,5.358333333,NA,NA,NA,NA,NA,NA,5.714139921,-0.355806588,1.137214236
432,United States,2022,7.00729749,7.00729749,7.00729749,3.8,NA,NA,NA,NA,NA,NA,5.160206436,-1.360206436,1.844025655