,country,year,unemployment_rate_oecd,active_pop_oecd,vacancy_rate_lm_v1,vacancy_rate_lm_v2,vacancy_rate_lm_v3,vacancy_rate_oecd,unemployment_level_oecd,vacancy_stock_oecd,vacancy_stock_lm_v1,vacancy_stock_lm_v2,vacancy_stock_lm_v3,vacancy_stock_eurostat,becru_lm_v1,fegap_lm_v1,becru_lm_v2,fegap_lm_v2,becru_lm_v3,fegap_lm_v3,active_pop_growth_oecd
1,Austria,1970,1.94180301,3010595.25,2.870008891,2.870008891,2.870008891,1.503944115,58444.1675,45279.915,86406.94858,86406.94858,86406.94858,NA,2.360718514,-0.418915504,2.360718514,-0.418915504,2.360718514,-0.418915504,-0.7260405
2,Austria,1971,1.728402117,3009858,3.306573965,3.306573965,3.306573965,1.857556041,52019.6675,55913.5825,99527.56757,99527.56757,99527.56757,NA,2.390625324,-0.662223207,2.390625324,-0.662223207,2.390625324,-0.662223207,-0.024488513
3,Austria,1972,1.622892454,3028083,3.53435453,3.53435453,3.53435453,2.047102437,49135.085,61997.9175,107034.8778,107034.8778,107034.8778,NA,2.394969164,-0.77207671,2.394969164,-0.77207671,2.394969164,-0.77207671,0.605510293
4,Austria,1973,1.358319225,3042785.75,3.682345394,3.682345394,3.682345394,2.171001548,41326.6675,66059.915,112046.876,112046.876,112046.876,NA,2.236470554,-0.87815133,2.236470554,-0.87815133,2.236470554,-0.87815133,0.485546466
5,Austria,1974,1.353945627,3050686.5,3.330124744,3.330124744,3.330124744,1.887624301,41305.75,57599.25,101607.4709,101607.4709,101607.4709,NA,2.123395355,-0.769449728,2.123395355,-0.769449728,2.123395355,-0.769449728,0.259655153
6,Austria,1975,1.852520501,2995354,2.304051335,2.304051335,2.304051335,1.041056504,55464.3325,31209,69045.19502,69045.19502,69045.19502,NA,2.065987012,-0.213466511,2.065987012,-0.213466511,2.065987012,-0.213466511,-1.81377208
7,Austria,1976,1.84215288,3000766,2.224809483,2.224809483,2.224809483,0.978335397,55256.8325,29365.9175,66771.06117,66771.06117,66771.06117,NA,2.024460224,-0.182307344,2.024460224,-0.182307344,2.024460224,-0.182307344,0.180679813
8,Austria,1977,1.684020559,3037984.25,2.310434021,2.310434021,2.310434021,1.057840459,51165,32135.915,70188.89249,70188.89249,70188.89249,NA,1.972515752,-0.288495193,1.972515752,-0.288495193,1.972515752,-0.288495193,1.240291646
9,Austria,1978,1.902387407,3078753,2.170454756,2.170454756,2.170454756,0.955178328,58570.4175,29405.0825,66819.38589,66819.38589,66819.38589,NA,2.032005363,-0.129617956,2.032005363,-0.129617956,2.032005363,-0.129617956,1.341967128
10,Austria,1979,1.820874082,3115316.75,2.221918315,2.221918315,2.221918315,1.006309192,56718.665,31360.0825,69231.61198,69231.61198,69231.61198,NA,2.011425731,-0.190551649,2.011425731,-0.190551649,2.011425731,-0.190551649,1.18761557
11,Austria,1980,1.69953293,3128571.25,2.414542793,2.414542793,2.414542793,1.165794165,53160.9175,36470.2475,75536.91802,75536.91802,75536.91802,NA,2.025733197,-0.326200268,2.025733197,-0.326200268,2.025733197,-0.326200268,0.425462355
12,Austria,1981,2.184933431,3170299.75,1.949036399,1.949036399,1.949036399,0.798948212,69294.5025,25320.085,61779.00864,61779.00864,61779.00864,NA,2.063616918,0.121316512,2.063616918,0.121316512,2.063616918,0.121316512,1.333787747
13,Austria,1982,3.18840837,3303851.25,1.569537584,1.569537584,1.569537584,0.522939926,105346.08,17275.5825,51853.09623,51853.09623,51853.09623,NA,2.237035264,0.951373107,2.237035264,0.951373107,2.237035264,0.951373107,4.212582738
14,Austria,1983,3.86628499,3294496.75,1.49552124,1.49552124,1.49552124,0.460824389,127375.675,15181.3325,49269.05302,49269.05302,49269.05302,NA,2.404602113,1.461682876,2.404602113,1.461682876,2.404602113,1.461682876,-0.283139261
15,Austria,1984,3.880090408,3362584,1.537969614,1.537969614,1.537969614,0.510436597,130469.325,17165.5,51717.26816,51717.26816,51717.26816,NA,2.442838748,1.43725166,2.442838748,1.43725166,2.442838748,1.43725166,2.06669653
16,Austria,1985,4.156426484,3354937.5,1.729398875,1.729398875,1.729398875,0.663905353,139446.575,22272.8325,58019.07925,58019.07925,58019.07925,NA,2.681066818,1.475359665,2.681066818,1.475359665,2.681066818,1.475359665,-0.227399524
17,Austria,1986,4.490747359,3383794.75,1.802737719,1.802737719,1.802737719,0.729628571,151971.825,24692.6675,61004.85373,61004.85373,61004.85373,NA,2.845283756,1.645463603,2.845283756,1.645463603,2.845283756,1.645463603,0.8601427
18,Austria,1987,4.799745041,3426852.75,1.857382029,1.857382029,1.857382029,0.783109536,164467.9,26836.1675,63649.66529,63649.66529,63649.66529,NA,2.985793058,1.813951983,2.985793058,1.813951983,2.985793058,1.813951983,1.272476707
19,Austria,1988,4.624799421,3430083.5,2.011915829,2.011915829,2.011915829,0.909034175,158631.35,31184.0825,69014.44994,69014.44994,69014.44994,NA,3.050361808,1.574437613,3.050361808,1.574437613,3.050361808,1.574437613,0.094277468
20,Austria,1989,4.32345728,3450257,2.515210745,2.515210745,2.515210745,1.321146753,149176.725,45598.665,86800.24631,86800.24631,86800.24631,NA,3.297636457,1.025820823,3.297636457,1.025820823,3.297636457,1.025820823,0.58813437
21,Austria,1990,4.698004081,3527762,2.81157984,2.81157984,2.81157984,1.577071816,165794.85,55621.5025,99167.17729,99167.17729,99167.17729,NA,3.634393149,1.063610932,3.634393149,1.063610932,3.634393149,1.063610932,2.246354402
22,Austria,1991,5.143152602,3597560.25,2.544825096,2.544825096,2.544825096,1.374513384,185028.725,49447.5825,91549.33029,91549.33029,91549.33029,NA,3.617792671,1.525359931,3.617792671,1.525359931,3.617792671,1.525359931,1.97854192
23,Austria,1992,5.252207314,3676115.5,2.312174191,2.312174191,2.312174191,1.200663097,193098.35,44125.8325,84982.95476,84982.95476,84982.95476,NA,3.484826854,1.76738046,3.484826854,1.76738046,3.484826854,1.76738046,2.183570101
24,Austria,1993,5.965919779,3725342,1.910003752,1.910003752,1.910003752,0.88360403,222264.5,32906.085,71139.18618,71139.18618,71139.18618,NA,3.375637594,2.590282186,3.375637594,2.590282186,3.375637594,2.590282186,1.339090135
25,Austria,1994,5.600779778,3837712.25,1.766611076,1.766611076,1.766611076,0.786860423,214940.575,30196.665,67796.09994,67796.09994,67796.09994,NA,3.145536455,2.455243323,3.145536455,2.455243323,3.145536455,2.455243323,3.016374067
26,Austria,1995,5.573561999,3870636.25,1.585283359,1.585283359,1.585283359,0.645391903,215716.175,24986.165,61366.99302,61366.99302,61366.99302,NA,2.972486348,2.601075651,2.972486348,2.601075651,2.972486348,2.601075651,0.857906947
27,Austria,1996,6.004348675,3838943.25,1.419913871,1.419913871,1.419913871,0.50608985,230507.35,19430.5025,54511.99865,54511.99865,54511.99865,NA,2.919872937,3.084475738,2.919872937,3.084475738,2.919872937,3.084475738,-0.818805952
28,Austria,1997,6.062212618,3849186.25,1.402921304,1.402921304,1.402921304,0.494032918,233347.65,19018.5825,54003.74076,54003.74076,54003.74076,NA,2.916300264,3.145912354,2.916300264,3.145912354,2.916300264,3.145912354,0.266818219
29,Austria,1998,6.168680407,3854874,1.531213506,1.531213506,1.531213506,0.598958784,237793.9,23088.165,59025.09783,59025.09783,59025.09783,NA,3.073364077,3.09531633,3.073364077,3.09531633,3.073364077,3.09531633,0.147764998
30,Austria,1999,5.780972257,3835475,1.800586986,1.800586986,1.800586986,0.814023959,221742.475,31216.4175,69054.34729,69054.34729,69054.34729,NA,3.226320414,2.554651843,3.226320414,2.554651843,3.226320414,2.554651843,-0.50323305
31,Austria,2000,5.048244539,3849075.25,1.931245533,1.931245533,1.931245533,0.922196339,194313.675,35495.2475,74333.88967,74333.88967,74333.88967,NA,3.122402875,1.925841664,3.122402875,1.925841664,3.122402875,1.925841664,0.354591022
32,Austria,2001,5.260243923,3875225,1.733037398,1.733037398,1.733037398,0.765889852,203883.175,29669.8325,67146.05436,67146.05436,67146.05436,NA,3.019304463,2.24093946,3.019304463,2.24093946,3.019304463,2.24093946,0.679377469
33,Austria,2002,6.013209736,3865075,1.530394952,1.530394952,1.530394952,0.599982579,232417.85,23188.9975,59149.51255,59149.51255,59149.51255,NA,3.033576408,2.979633328,3.033576408,2.979633328,3.033576408,2.979633328,-0.261920276
34,Austria,2003,6.057403465,3963200,1.446711502,1.446711502,1.446711502,0.548008414,240078.75,21716.4175,57332.53256,57332.53256,57332.53256,NA,2.960289727,3.097113738,2.960289727,3.097113738,2.960289727,3.097113738,2.538760567
35,Austria,2004,6.269807159,3889999.75,1.53911498,1.53911498,1.53911498,0.611127132,243879.725,23774.25,59871.64112,59871.64112,59871.64112,NA,3.106437529,3.16336963,3.106437529,3.16336963,3.106437529,3.16336963,-1.846998637
36,Austria,2005,6.362726995,3970925.25,1.583350315,1.583350315,1.583350315,0.659934916,252654.175,26208.5,62875.20191,62875.20191,62875.20191,NA,3.174023597,3.188703399,3.174023597,3.188703399,3.174023597,3.188703399,2.080347177
37,Austria,2006,5.924845299,4037675.25,1.761665703,1.761665703,1.761665703,0.814785142,239173.675,32912.415,71146.99661,71146.99661,71146.99661,NA,3.23072697,2.694118328,3.23072697,2.694118328,3.23072697,2.694118328,1.680968434
38,Austria,2007,5.389877448,4123950,1.883826399,1.883826399,1.883826399,0.926600692,222248.425,38213.9175,77688.38925,77688.38925,77688.38925,NA,3.186470371,2.203407077,3.186470371,2.203407077,3.186470371,2.203407077,2.136743167
39,Austria,2008,5.094260931,4166050,1.843779126,1.843779126,1.843779126,0.900231185,212252.9,37497.9175,76804.93458,76804.93458,76804.93458,NA,3.064749903,2.029511028,3.064749903,2.029511028,3.064749903,2.029511028,1.020865917
40,Austria,2009,6.189850748,4205074.75,1.523442954,1.523442954,1.523442954,0.646118258,260308.75,27165.25,64055.71204,64055.71204,64055.71204,NA,3.070811702,3.119039046,3.070811702,3.119039046,3.070811702,3.119039046,0.936732636
41,Austria,2010,5.942970144,4220075,1.640883944,1.63012373,1.63012373,0.734678385,250782,31008.665,69272.91191,68798.00663,68798.00663,69272.91191,3.122775094,2.82019505,3.112519343,2.830450801,3.112519343,2.830450801,0.356717797
42,Austria,2011,5.809756964,4246225,1.735273069,1.658149789,1.658149789,0.761001757,246702.025,32310.085,73673.25774,70403.79654,70403.79654,73673.25774,3.175140123,2.634616841,3.103779516,2.705977448,3.103779516,2.705977448,0.619657234
43,Austria,2012,6.070697061,4293300.25,1.615774937,1.556920571,1.556920571,0.685350609,260643.25,29422.3325,69364.16163,66840.67024,66840.67024,69364.16163,3.131913179,2.938783882,3.074344342,2.996352719,3.074344342,2.996352719,1.108637672
44,Austria,2013,6.623796293,4335850,1.498832707,1.455095791,1.455095791,0.608487719,287206.475,26382.915,64980.85274,63090.40826,63090.40826,64980.85274,3.150866949,3.472929344,3.104554414,3.519241879,3.104554414,3.519241879,0.991073243
45,Austria,2014,7.328881124,4357499.75,1.430466605,1.446077752,1.446077752,0.604016744,319357.25,26320.0825,62331.65905,63012.88079,63012.88079,62331.65905,3.23785727,4.091023854,3.255477222,4.073403902,3.255477222,4.073403902,0.499319626
46,Austria,2015,8.052687336,4400025,1.512997865,1.513952437,1.513952437,0.664503237,354331.575,29250.585,66570.45709,66628.75525,66628.75525,66570.45709,3.490515541,4.562171794,3.491616476,4.561070859,3.491616476,4.561070859,0.975909408
47,Austria,2016,7.957842173,4490200,1.622055798,1.786721056,1.786721056,0.896868129,357312.775,40276.6675,72832.62956,80233.56539,80233.56539,72832.62956,3.592779431,4.365062742,3.770735229,4.187106944,3.770735229,4.187106944,2.049420174
48,Austria,2017,7.542125668,4508025.5,2.162833802,2.233248847,2.233248847,1.260944719,339975.575,56853.5,97514.77231,100687.3085,100687.3085,97514.77231,4.03885681,3.503268858,4.104076443,3.438049225,4.104076443,3.438049225,0.396986771
49,Austria,2018,6.876189762,4539074.75,2.644154068,2.617379941,2.617379941,1.576021556,312107.225,71544.8325,120039.3639,118814.5798,118814.5798,120039.3639,4.264001071,2.612188691,4.242357971,2.633831791,4.242357971,2.633831791,0.688754977
50,Austria,2019,6.609246269,4559199.75,2.798508456,2.756189649,2.756189649,1.690929195,301327.85,77093.2525,127590.5434,125660.6379,125660.6379,127590.5434,4.300701288,2.308544981,4.268059999,2.34118627,4.268059999,2.34118627,0.443372297
51,Austria,2020,9.025525558,4540300,2.253980698,1.383711322,2.379918301,1.383711322,409639.425,62832.665,102358.5771,62832.665,108064.8521,102358.5771,4.510361449,4.515164109,3.533938582,5.491586976,4.634653542,4.390872016,-0.414540951
52,Austria,2021,7.227817825,4589575,3.195568061,2.072027644,3.221988802,2.072027644,331741.325,95087.075,146652.4558,95087.075,147862.7698,146652.4558,4.805932146,2.421885679,3.869914513,3.357903311,4.82575881,2.402059015,1.085280708
53,Austria,2022,5.6421925,4663550,4.428109335,2.691254492,3.975485144,2.691254492,263120.525,125503.425,206516.1972,125503.425,185392.7508,206516.1972,4.998424279,0.64376822,3.896739138,1.745453362,4.736079862,0.906112638,1.611805015
54,Finland,1970,1.457170935,2140013.754,1.6101807,1.6101807,1.6101807,0.620142136,31186.01894,13270.835,34457.79813,34457.79813,34457.79813,NA,1.531766469,-0.074595534,1.531766469,-0.074595534,1.531766469,-0.074595534,NA
55,Finland,1971,1.984363782,2146510.565,1.584015173,1.584015173,1.584015173,0.546827876,42606.60459,11737.4175,34000.43944,34000.43944,34000.43944,NA,1.772924798,0.211438984,1.772924798,0.211438984,1.772924798,0.211438984,0.303587348
56,Finland,1972,2.356788698,2148990.164,1.638023511,1.638023511,1.638023511,0.733463945,50643.46703,15763.335,35201.21377,35201.21377,35201.21377,NA,1.964809227,0.391979471,1.964809227,0.391979471,1.964809227,0.391979471,0.115517657
57,Finland,1973,2.058004301,2193323.29,1.700728442,1.700728442,1.700728442,1.039195616,45085.51526,22822.9975,37306.83604,37306.83604,37306.83604,NA,1.870857143,0.187147158,1.870857143,0.187147158,1.870857143,0.187147158,2.062974809
58,Finland,1974,1.308128273,2249158.867,1.75153979,1.75153979,1.75153979,1.325872371,29414.11484,29823.3325,39394.76322,39394.76322,39394.76322,NA,1.513683824,-0.205555552,1.513683824,-0.205555552,1.513683824,-0.205555552,2.545706676
59,Finland,1975,2.024790807,2252577.302,1.59990489,1.59990489,1.59990489,0.824272732,45704.40796,18539.165,36029.13571,36029.13571,36029.13571,NA,1.799853526,0.224937282,1.799853526,0.224937282,1.799853526,0.224937282,0.151987268
60,Finland,1976,4.113462402,2355525.517,1.437166185,1.437166185,1.437166185,0.477188437,96899.77768,11240.00125,33852.07955,33852.07955,33852.07955,NA,2.431404752,1.682057651,2.431404752,1.682057651,2.431404752,1.682057651,4.570241168
61,Finland,1977,6.800260803,2356041.641,1.375531512,1.375531512,1.375531512,0.271488852,160259.8057,6393.33375,32406.50747,32406.50747,32406.50747,NA,3.05842656,3.741834243,3.05842656,3.741834243,3.05842656,3.741834243,0.021911199
62,Finland,1978,8.456122803,2356785.259,1.363612339,1.363612339,1.363612339,0.232931274,199294.6756,5490.5,32137.22734,32137.22734,32137.22734,NA,3.395713975,5.060408828,3.395713975,5.060408828,3.395713975,5.060408828,0.031562143
63,Finland,1979,6.686497916,2384670.642,1.382913144,1.382913144,1.382913144,0.348313208,159387.115,8310.74975,32978.39795,32978.39795,32978.39795,NA,3.040862682,3.645635234,3.040862682,3.645635234,3.040862682,3.645635234,1.183195765
64,Finland,1980,5.148520721,2430459.253,1.404977563,1.404977563,1.404977563,0.502953676,125139.8963,12231.665,34147.85421,34147.85421,34147.85421,NA,2.689527114,2.458993608,2.689527114,2.458993608,2.689527114,2.458993608,1.920123056
65,Finland,1981,4.504326352,2471572.311,1.391466628,1.391466628,1.391466628,0.527719468,111352.1,13037.33,34388.15269,34388.15269,34388.15269,NA,2.50352148,2.000804872,2.50352148,2.000804872,2.50352148,2.000804872,1.691575715
66,Finland,1982,5.273229064,2503633.654,1.352882843,1.352882843,1.352882843,0.451415709,132020.675,11300.9175,33870.24849,33870.24849,33870.24849,NA,2.670966329,2.602262735,2.670966329,2.602262735,2.670966329,2.602262735,1.297204306
67,Finland,1983,5.518643981,2520106.586,1.350093738,1.350093738,1.350093738,0.468833276,139074.9,11815.8325,34023.82758,34023.82758,34023.82758,NA,2.7295946,2.789049381,2.7295946,2.789049381,2.7295946,2.789049381,0.657960956
68,Finland,1984,5.232764445,2539691.48,1.34187632,1.34187632,1.34187632,0.47257245,132896.5,12002,34079.35409,34079.35409,34079.35409,NA,2.649853335,2.58291111,2.649853335,2.58291111,2.649853335,2.58291111,0.777145459
69,Finland,1985,5.428699353,2561088.448,1.333374267,1.333374267,1.333374267,0.477702234,139038.75,12234.5825,34148.72438,34148.72438,34148.72438,NA,2.690443834,2.738255519,2.690443834,2.738255519,2.690443834,2.738255519,0.842502684
70,Finland,1986,5.765720129,2563754.87,1.33435135,1.33435135,1.33435135,0.48515413,147818,12438.585,34209.57038,34209.57038,34209.57038,NA,2.773715277,2.992004852,2.773715277,2.992004852,2.773715277,2.992004852,0.104112819
71,Finland,1987,5.51199612,2548215.526,1.342408074,1.342408074,1.342408074,0.487815099,140457.975,12430.835,34207.25886,34207.25886,34207.25886,NA,2.720174277,2.791821843,2.720174277,2.791821843,2.720174277,2.791821843,-0.60611658
72,Finland,1988,5.0231783,2540344.834,1.404385424,1.404385424,1.404385424,0.683201595,127599.85,17358.335,35676.94013,35676.94013,35676.94013,NA,2.656026805,2.367151495,2.656026805,2.367151495,2.656026805,2.367151495,-0.308870748
73,Finland,1989,4.009415583,2580009.23,1.533356378,1.533356378,1.533356378,1.177485342,103440.8525,30380.0025,39560.7962,39560.7962,39560.7962,NA,2.479488446,1.529927137,2.479488446,1.529927137,2.479488446,1.529927137,1.561378402
74,Finland,1990,3.999695322,2580001.883,1.493356222,1.493356222,1.493356222,1.043357595,103163.7675,26925.7475,38530.52651,38530.52651,38530.52651,NA,2.443966018,1.555729304,2.443966018,1.555729304,2.443966018,1.555729304,-0.000284765
75,Finland,1991,8.413045345,2537126.079,1.359300514,1.359300514,1.359300514,0.526822228,213200.75,13380.1675,34490.40776,34490.40776,34490.40776,NA,3.381694377,5.031350968,3.381694377,5.031350968,3.381694377,5.031350968,-1.661851652
76,Finland,1992,14.59939523,2488890.406,1.309900595,1.309900595,1.309900595,0.283071381,363121.425,7051.4165,32602.78791,32602.78791,32602.78791,NA,4.373071747,10.22632349,4.373071747,10.22632349,4.373071747,10.22632349,-1.901193377
77,Finland,1993,19.55914006,2465220.078,1.30901006,1.30901006,1.30901006,0.240770754,482172.775,5935.16675,32269.8541,32269.8541,32269.8541,NA,5.059951689,14.49918837,5.059951689,14.49918837,5.059951689,14.49918837,-0.951039383
78,Finland,1994,20.15041611,2452649.168,1.333113507,1.333113507,1.333113507,0.300280212,494247.325,7362.3335,32695.52234,32695.52234,32695.52234,NA,5.18293275,14.96748336,5.18293275,14.96748336,5.18293275,14.96748336,-0.509930516
79,Finland,1995,18.84983231,2472447.387,1.333818547,1.333818547,1.333818547,0.335902334,466013.425,8305.3335,32976.7825,32976.7825,32976.7825,NA,5.014205415,13.83562689,5.014205415,13.83562689,5.014205415,13.83562689,0.807217696
80,Finland,1996,18.04845239,2482208.609,1.350462836,1.350462836,1.350462836,0.408118911,447987,10131.4995,33521.45667,33521.45667,33521.45667,NA,4.93697926,13.11147313,4.93697926,13.11147313,4.93697926,13.11147313,0.394800004
81,Finland,1997,16.49819739,2478958.891,1.39510191,1.39510191,1.39510191,0.552253255,408963.85,13690.3325,34582.91789,34582.91789,34582.91789,NA,4.797568831,11.70062856,4.797568831,11.70062856,4.797568831,11.70062856,-0.130920401
82,Finland,1998,14.97838019,2487325,1.428346223,1.428346223,1.428346223,0.677202462,372430.925,16842.2525,35523.01282,35523.01282,35523.01282,NA,4.62539866,10.35298153,4.62539866,10.35298153,4.62539866,10.35298153,0.337484763
83,Finland,1999,13.61508819,2557250,1.363345998,1.363345998,1.363345998,0.572082563,348139.675,14627.9175,34862.56297,34862.56297,34862.56297,NA,4.308372778,9.306715411,4.308372778,9.306715411,4.308372778,9.306715411,2.811253053
84,Finland,2000,12.40348511,2589224.75,1.375141413,1.375141413,1.375141413,0.661094462,321118.5,17120.1675,35605.90404,35605.90404,35605.90404,NA,4.129957147,8.273527961,4.129957147,8.273527961,4.129957147,8.273527961,1.250356829
85,Finland,2001,11.60103818,2604775.25,1.395783928,1.395783928,1.395783928,0.753903099,302176.85,19637.8325,36356.82542,36356.82542,36356.82542,NA,4.023995855,7.577042323,4.023995855,7.577042323,4.023995855,7.577042323,0.600585175
86,Finland,2002,11.26528903,2609500,1.782765592,1.415589809,1.415589809,0.827448232,293968.95,21591.5825,46527.19867,36939.55292,36939.55292,46527.19867,4.481447274,6.783841759,3.993373054,7.271915979,3.993373054,7.271915979,0.18138801
87,Finland,2003,11.11103018,2599650,1.456146371,1.440800238,1.440800238,0.897054669,288843.325,23320.835,37840.65063,37455.32157,37455.32157,37840.65063,4.022348354,7.088681827,4.001096716,7.109933465,4.001096716,7.109933465,-0.377466948
88,Finland,2004,11.12065429,2593450.25,1.427677988,1.446041765,1.446041765,0.905276004,288401.825,23479.2475,37023.70357,37502.56984,37502.56984,37023.70357,3.984559366,7.136094922,4.010103559,7.110550729,4.010103559,7.110550729,-0.238484027
89,Finland,2005,10.50693037,2620525,1.578708038,1.495104391,1.495104391,1.110463777,275317.4,29101.75,41371.05972,39179.54328,39179.54328,41371.05972,4.072760174,6.4341702,3.963452754,6.543477619,3.963452754,6.543477619,1.04396643
90,Finland,2006,9.362958779,2647850,1.829316144,1.539128886,1.539128886,1.29837015,247889.4,34384,48443.06484,40755.03265,40755.03265,48443.06484,4.138576041,5.224382738,3.796155991,5.566802787,3.796155991,5.566802787,1.042729987
91,Finland,2007,8.066873381,2674949.75,1.966210568,1.594141117,1.594141117,1.521895035,215750.4,40713.6675,52596.51845,42642.92585,42642.92585,52596.51845,3.982608654,4.084264727,3.586047203,4.480826179,3.586047203,4.480826179,1.023462432
92,Finland,2008,7.505610862,2703075,1.889031138,1.539429936,1.539429936,1.378287899,202891,37249.75,51047.58573,41609.77422,41609.77422,51047.58573,3.765412677,3.740198185,3.399170788,4.106440074,3.399170788,4.106440074,1.051430966
93,Finland,2009,9.889380837,2678175,1.255534559,1.438773315,1.438773315,1.005622736,264805.35,26937.2525,33624.39752,38533.95801,38533.95801,33624.39752,3.523699676,6.365681161,3.772078638,6.117302199,3.772078638,6.117302199,-0.921173108
94,Finland,2010,9.911493338,2671775,1.562854953,1.460783178,1.460783178,1.070311469,264812.325,28596.4975,41757.97015,39028.84614,39028.84614,41757.97015,3.9357625,5.975730838,3.805068033,6.106425305,3.805068033,6.106425305,-0.238968701
95,Finland,2011,9.091984423,2682375.25,1.71864219,1.527016742,1.527016742,1.307489676,243876.075,35072.4175,46103.00849,40960.36077,40960.36077,46103.00849,3.95295687,5.139027553,3.726071984,5.365912439,3.726071984,5.365912439,0.396749352
96,Finland,2012,9.410772638,2690124.75,1.704459442,1.526812523,1.526812523,1.317743327,253150.25,35449.0825,45847.93753,41072.70526,41072.70526,45847.93753,4.00503187,5.405740768,3.790578519,5.620194119,3.790578519,5.620194119,0.288904395
97,Finland,2013,10.99268139,2675950.25,1.063328662,1.515645734,1.515645734,1.260197009,294136.425,33722.585,28461.1023,40557.75832,40557.75832,28461.1023,3.418893564,7.57378783,4.08179013,6.910891264,4.08179013,6.910891264,-0.52690865
98,Finland,2014,12.15384269,2679300,1.021608119,1.523154399,1.523154399,1.290163052,325653.15,34567.4175,27369.3866,40809.73894,40809.73894,27369.3866,3.523700381,8.630142311,4.302578176,7.851264516,4.302578176,7.851264516,0.125179831
99,Finland,2015,13.0860972,2688875,1.049148406,1.535155027,1.535155027,1.343993143,351872,36137.9175,28207.45715,41278.1579,41278.1579,28207.45715,3.70530134,9.380795863,4.482096374,8.60400083,4.482096374,8.60400083,0.357369462
100,Finland,2016,12.99001007,2684875,1.276749764,1.571411205,1.571411205,1.45989818,348766.85,39195.5825,34278.94757,42190.14024,42190.14024,34278.94757,4.072467592,8.917542476,4.518035787,8.471974281,4.518035787,8.471974281,-0.148761099
101,Finland,2017,11.21115135,2707075.25,1.51004377,1.616044254,1.616044254,1.640658146,303405.775,44426.1675,40894.46719,43750.21995,43750.21995,40894.46719,4.114526613,7.096624739,4.256491128,6.954660225,4.256491128,6.954660225,0.826863448
102,Finland,2018,9.332566176,2741750,1.780614735,1.700538939,1.700538939,1.971841298,255883.325,54060.8325,48818.4313,46623.86514,46623.86514,48818.4313,4.076481921,5.256084255,3.983766081,5.348800095,3.983766081,5.348800095,1.280893466
103,Finland,2019,8.741997097,2749700,1.823539706,1.798890501,1.798890501,2.312370511,240378.85,63584.835,50142.08763,49464.50402,49464.50402,50142.08763,3.992665628,4.749331469,3.965588927,4.77640817,3.965588927,4.77640817,0.289960791
104,Finland,2020,12.51344467,2740825.25,1.577509666,2.021847592,1.715935813,2.021847592,342422.6,55425.335,43262.10657,55425.335,47030.84307,43262.10657,4.442980973,8.070463702,5.029938168,7.483506506,4.63381785,7.879626825,-0.322753391
105,Finland,2021,10.72404845,2785250.5,2.162146083,2.791181796,1.927580443,2.791181796,298609.65,77798.0825,60263.59127,77798.0825,53703.76197,60263.59127,4.815283932,5.908764519,5.471084793,5.252963658,4.546588398,6.177460053,1.620871305
106,Finland,2022,8.821455884,2830275,2.441277401,3.417089853,2.096822412,3.417089853,249657.25,96693.425,69082.8578,96693.425,59339.50645,69082.8578,4.640648758,4.180807126,5.490328532,3.331127352,4.300816946,4.520638938,1.616533235
107,Germany,1970,0.428106513,34005672.5,3.233014324,3.233014324,3.233014324,2.010741973,145583.325,683693.675,1099299.986,1099299.986,1099299.986,NA,1.176466952,-0.748360439,1.176466952,-0.748360439,1.176466952,-0.748360439,1.053702867
108,Germany,1971,0.556467968,34234302.5,2.64343036,2.64343036,2.64343036,1.614253745,190500,552634.4,904968.6769,904968.6769,904968.6769,NA,1.212841425,-0.656373457,1.212841425,-0.656373457,1.212841425,-0.656373457,0.672329006
109,Germany,1972,0.726681589,34162292.5,2.311648599,2.311648599,2.311648599,1.39014103,248250,474919.05,789734.3626,789734.3626,789734.3626,NA,1.296083515,-0.569401926,1.296083515,-0.569401926,1.296083515,-0.569401926,-0.210344581
110,Germany,1973,0.821494894,34444172.5,2.330056307,2.330056307,2.330056307,1.403936921,283000,483546.075,802526.2925,802526.2925,802526.2925,NA,1.383520639,-0.562025745,1.383520639,-0.562025745,1.383520639,-0.562025745,0.82512027
111,Germany,1974,1.770407444,34270580,1.409642486,1.409642486,1.409642486,0.782349149,606249.975,268229.35,483260.2126,483260.2126,483260.2126,NA,1.579759966,0.190647478,1.579759966,0.190647478,1.579759966,0.190647478,-0.503982205
112,Germany,1975,3.233644642,33788347.5,1.145542846,1.145542846,1.145542846,0.601834915,1092416.675,203382.675,387107.2374,387107.2374,387107.2374,NA,1.924650224,1.308994417,1.924650224,1.308994417,1.924650224,1.308994417,-1.40713259
113,Germany,1976,3.143952207,33482197.5,1.154568725,1.154568725,1.154568725,0.60636315,1052666.5,203023.225,386574.2543,386574.2543,386574.2543,NA,1.905231978,1.238720228,1.905231978,1.238720228,1.905231978,1.238720228,-0.906081601
114,Germany,1977,3.085503943,33392975,1.142640256,1.142640256,1.142640256,0.597857987,1030333.25,199644.3,381564.0715,381564.0715,381564.0715,NA,1.877663712,1.207840231,1.877663712,1.207840231,1.877663712,1.207840231,-0.266477432
115,Germany,1978,2.947913124,33556765,1.198901696,1.198901696,1.198901696,0.636643603,989166.575,213663.25,402351.0086,402351.0086,402351.0086,NA,1.879962246,1.067950879,1.879962246,1.067950879,1.879962246,1.067950879,0.490492386
116,Germany,1979,2.564462429,33877070,1.409680558,1.409680558,1.409680558,0.780420501,868666.675,264419.05,477610.3982,477610.3982,477610.3982,NA,1.901334486,0.663127943,1.901334486,0.663127943,1.901334486,0.663127943,0.954516921
117,Germany,1980,2.631508382,34231385,1.394705117,1.394705117,1.394705117,0.772084225,900916.75,264275.275,477397.2123,477397.2123,477397.2123,NA,1.915770917,0.715737465,1.915770917,0.715737465,1.915770917,0.715737465,1.045884429
118,Germany,1981,3.784973342,34349155,1.003132238,1.003132238,1.003132238,0.508581207,1300083.5,174697.75,344573.9713,344573.9713,344573.9713,NA,1.948545298,1.836428044,1.948545298,1.836428044,1.948545298,1.836428044,0.344041002
119,Germany,1982,5.407967474,34371535,0.627296458,0.627296458,0.627296458,0.255222382,1858916.5,87708.3375,215588.3167,215588.3167,215588.3167,NA,1.841846585,3.566120889,1.841846585,3.566120889,1.841846585,3.566120889,0.065154441
120,Germany,1983,6.600229603,34335542.5,0.532876338,0.532876338,0.532876338,0.191368481,2266250,65709.3575,182968.7973,182968.7973,182968.7973,NA,1.87539494,4.724834663,1.87539494,4.724834663,1.87539494,4.724834663,-0.10471601
121,Germany,1984,6.588987148,34401735,0.579226761,0.579226761,0.579226761,0.222950231,2266749.75,76708.845,199278.5533,199278.5533,199278.5533,NA,1.953590971,4.635396177,1.953590971,4.635396177,1.953590971,4.635396177,0.192781285
122,Germany,1985,6.651023359,34662050,0.659071178,0.659071178,0.659071178,0.278056374,2305333.5,96407.2875,228486.8952,228486.8952,228486.8952,NA,2.093680444,4.557342915,2.093680444,4.557342915,2.093680444,4.557342915,0.756691487
123,Germany,1986,6.357194561,34930527.5,0.812698719,0.812698719,0.812698719,0.382943777,2220416.5,133791.15,283918.7212,283918.7212,283918.7212,NA,2.272990074,4.084204487,2.272990074,4.084204487,2.272990074,4.084204487,0.774557477
124,Germany,1987,6.336394826,35189640,0.863745681,0.863745681,0.863745681,0.418586907,2229750.25,147306.875,303959.4892,303959.4892,303959.4892,NA,2.339451574,3.996943252,2.339451574,3.996943252,2.339451574,3.996943252,0.741793836
125,Germany,1988,6.055408453,36877762.5,0.89064295,0.89064295,0.89064295,0.444231454,2233000.25,163842.025,328477.3826,328477.3826,328477.3826,NA,2.322327894,3.733080559,2.322327894,3.733080559,2.322327894,3.733080559,4.797214464
126,Germany,1989,5.472676962,37068155,1.11549596,1.11549596,1.11549596,0.596677325,2028500,221283.8,413650.5633,413650.5633,413650.5633,NA,2.470779035,3.001897927,2.470779035,3.001897927,2.470779035,3.001897927,0.516279967
127,Germany,1990,4.707241945,39101152.5,1.246821784,1.246821784,1.246821784,0.693337848,1840500,271105.025,487524.1893,487524.1893,487524.1893,NA,2.422620854,2.284621091,2.422620854,2.284621091,2.422620854,2.284621091,5.484485268
128,Germany,1991,4.330383601,39074997.5,1.415256624,1.415256624,1.415256624,0.806833295,1692000,315246.75,552976.3993,552976.3993,552976.3993,NA,2.475601761,1.85478184,2.475601761,1.85478184,2.475601761,1.85478184,-0.066890611
129,Germany,1992,7.676997847,39004500,1.379980562,1.379980562,1.379980562,0.782776582,2994333.5,305325.65,538265.6484,538265.6484,538265.6484,NA,3.254859106,4.422138741,3.254859106,4.422138741,3.254859106,4.422138741,-0.180415878
130,Germany,1993,8.8136277,39101750,1.125016022,1.125016022,1.125016022,0.611192835,3446666.75,238969.25,439874.0919,439874.0919,439874.0919,NA,3.148884306,5.664743394,3.148884306,5.664743394,3.148884306,5.664743394,0.249330205
131,Germany,1994,9.450949085,39074252.5,1.162088682,1.162088682,1.162088682,0.636088882,3693083.5,248459,453945.2482,453945.2482,453945.2482,NA,3.314036959,6.136912126,3.314036959,6.136912126,3.314036959,6.136912126,-0.07032294
132,Germany,1995,9.29657818,38979750,1.274254226,1.274254226,1.274254226,0.71137923,3623916.5,277287.75,496691.7743,496691.7743,496691.7743,NA,3.441831494,5.854746686,3.441831494,5.854746686,3.441831494,5.854746686,-0.241853635
133,Germany,1996,10.17094723,39142000,1.291022771,1.291022771,1.291022771,0.723301419,3981250,283110.975,505326.3019,505326.3019,505326.3019,NA,3.62366175,6.547285478,3.62366175,6.547285478,3.62366175,6.547285478,0.416241767
134,Germany,1997,11.16614168,39415250,1.319324723,1.319324723,1.319324723,0.743409865,4401333.75,293032.1,520037.0899,520037.0899,520037.0899,NA,3.838198377,7.327943302,3.838198377,7.327943302,3.838198377,7.327943302,0.698099228
135,Germany,1998,10.72576883,39754000,1.576635202,1.576635202,1.576635202,0.918190153,4264083.5,364996.075,626743.4138,626743.4138,626743.4138,NA,4.112252997,6.613515834,4.112252997,6.613515834,4.112252997,6.613515834,0.859438923
136,Germany,1999,10.39678507,39375157.5,1.709983305,1.709983305,1.709983305,1.006726402,4093750.25,396401.475,673310.5299,673310.5299,673310.5299,NA,4.216435567,6.1803495,4.216435567,6.1803495,4.216435567,6.1803495,-0.952966997
137,Germany,2000,9.871526361,39300725,1.923877035,1.923877035,1.923877035,1.150701161,3879500,452249.975,756121.2436,756121.2436,756121.2436,NA,4.357935619,5.513590742,4.357935619,5.513590742,4.357935619,5.513590742,-0.189034164
138,Germany,2001,9.786159204,39455617.5,1.83380774,1.83380774,1.83380774,1.090533748,3861250,430250.025,723500.2858,723500.2858,723500.2858,NA,4.236264215,5.549894989,4.236264215,5.549894989,4.236264215,5.549894989,0.394121228
139,Germany,2002,10.31768159,39499430,1.61027317,1.61027317,1.61027317,0.939941737,4075500,371250,636016.5723,636016.5723,636016.5723,NA,4.076062543,6.241619052,4.076062543,6.241619052,4.076062543,6.241619052,0.11104249
140,Germany,2003,11.06954465,39591277.5,1.21147526,1.21147526,1.21147526,0.671326439,4382583.5,265750.025,479583.9336,479583.9336,479583.9336,NA,3.662032151,7.407512495,3.662032151,7.407512495,3.662032151,7.407512495,0.232528672
141,Germany,2004,11.02746986,39795710,0.982275063,0.982275063,0.982275063,0.517496222,4388667,205916.65,390864.5501,390864.5501,390864.5501,NA,3.291201703,7.736268158,3.291201703,7.736268158,3.291201703,7.736268158,0.516357422
142,Germany,2005,11.87239042,40932425,1.132821773,1.132821773,1.132821773,0.623055334,4859500.25,255083.325,463767.6262,463767.6262,463767.6262,NA,3.667329049,8.205061366,3.667329049,8.205061366,3.667329049,8.205061366,2.856375725
143,Germany,2006,10.82544465,41417725,1.366813487,1.471266318,1.471266318,0.852957828,4483333.75,353333.35,566047.4286,609450.2263,609450.2263,566047.4286,3.846604185,6.978840469,3.990878612,6.834566042,3.990878612,6.834566042,1.185612629
144,Germany,2007,9.03667498,41589625,1.368986189,1.71325572,1.71325572,1.016733017,3757916.75,422833.325,569445.819,712502.9946,712502.9946,569445.819,3.517255072,5.519419908,3.934734439,5.101940541,3.934734439,5.101940541,0.415039696
145,Germany,2008,7.817041417,41677497.5,1.506885043,1.588081759,1.588081759,0.932606491,3257750.25,388666.65,627776.3748,661841.5311,661841.5311,627776.3748,3.432110545,4.384930872,3.523364995,4.293676422,3.523364995,4.293676422,0.211284665
146,Germany,2009,8.193245411,41698877.5,1.406617213,1.276927934,1.276927934,0.722830798,3416333.25,301416.65,586537.1399,532469.4841,532469.4841,586537.1399,3.394813695,4.798431716,3.234529941,4.95871547,3.234529941,4.95871547,0.051298665
147,Germany,2010,7.921517064,40837225,1.602576348,1.51294518,1.51294518,0.879086908,3234916.5,359000,654484.0408,617852.5886,617852.5886,654484.0408,3.56298132,4.358535744,3.461910031,4.459607033,3.461910031,4.459607033,-2.066368573
148,Germany,2011,7.21813664,41184677.5,2.059003933,1.885716602,1.885716602,1.131677615,2972416.75,466166.65,847946.5414,776756.5299,776756.5299,847946.5414,3.85514873,3.36298791,3.689357681,3.528778959,3.689357681,3.528778959,0.850822993
149,Germany,2012,7.002539211,41350350,1.944044901,1.920231197,1.920231197,1.155516387,2895583.25,477750,803930.613,793932.0222,793932.0222,803930.613,3.689613889,3.312925322,3.666946175,3.335593036,3.666946175,3.335593036,0.402267324
150,Germany,2013,7.068595216,41711525,1.892434827,1.829661133,1.829661133,1.095643794,2948417,457000,789402.7022,763164.458,763164.458,789402.7022,3.657438415,3.4111568,3.596266666,3.47232855,3.596266666,3.47232855,0.87345089
151,Germany,2014,6.900868337,41959450,2.071186695,1.935610584,1.935610584,1.167914937,2895500,490083.35,869101.196,812219.5951,812219.5951,869101.196,3.780606656,3.120261681,3.654776845,3.246091491,3.654776845,3.246091491,0.59438009
152,Germany,2015,6.622841939,42158325,2.191038809,2.201620951,2.201620951,1.347963306,2792000,568333.325,923774.7204,928246.6375,928246.6375,923774.7204,3.809318012,2.813523927,3.818505934,2.804336005,3.818505934,2.804336005,0.473969511
153,Germany,2016,6.246281794,43039172.5,2.264939687,2.455895635,2.455895635,1.522250672,2688333.25,655166.675,974797.6806,1057000.887,1057000.887,974797.6806,3.761309816,2.484971978,3.916658805,2.329622989,3.916658805,2.329622989,2.089379737
154,Germany,2017,5.84624376,43282625,2.545189971,2.698623088,2.698623088,1.686702257,2530333.25,730083.325,1101680.505,1168085.361,1168085.361,1101680.505,3.857434509,1.988809251,3.97200307,1.87424069,3.97200307,1.87424069,0.565653301
155,Germany,2018,5.389514163,43380675,2.897669815,2.918510546,2.918510546,1.835298738,2338000,796166.65,1257032.91,1266072.009,1266072.009,1257032.91,3.95183913,1.437675033,3.966024953,1.423489211,3.966024953,1.423489211,0.226534319
156,Germany,2019,5.17688317,43771372.5,3.111121423,2.819698681,2.819698681,1.769844517,2266000,774583.325,1361705.463,1234068.812,1234068.812,1361705.463,4.01321718,1.16366599,3.820634849,1.356248321,3.820634849,1.356248321,0.900625682
157,Germany,2020,6.206969564,43516875,2.39250696,1.412633215,2.291178978,1.412633215,2700166.75,614916.675,1041370.342,614916.675,997319.226,1041370.342,3.853598044,2.35337152,2.96110982,3.245859744,3.771111001,2.435858563,-0.581424537
158,Germany,2021,6.07430833,42960625,3.105718964,1.639197274,2.629664826,1.639197274,2609333.5,704333.325,1334466.476,704333.325,1129903.926,1334466.476,4.343396663,1.730911667,3.155469799,2.918838531,3.996672986,2.077635344,-1.278239763
159,Germany,2022,5.508515818,43905150,4.21980618,1.924196053,3.047975853,1.924196053,2418833.5,844749.975,1852942.414,844749.975,1338110.108,1852942.414,4.821293301,0.687222517,3.255681863,2.252833955,4.097538676,1.410977142,2.198583005
160,Sweden,1970,1.861944986,3851852.378,1.998965254,1.998965254,1.998965254,1.616971214,71740.50035,62241.3325,76959.47207,76959.47207,76959.47207,NA,1.929239055,-0.067294069,1.929239055,-0.067294069,1.929239055,-0.067294069,NA
161,Sweden,1971,3.073869364,3895791.154,1.382999281,1.382999281,1.382999281,0.923544171,119771.6019,35972.9975,53873.12321,53873.12321,53873.12321,NA,2.061833922,1.012035443,2.061833922,1.012035443,2.061833922,1.012035443,1.140718066
162,Sweden,1972,3.32686394,3908949.88,1.281682786,1.281682786,1.281682786,0.810452803,130044.7972,31680.1675,50100.3005,50100.3005,50100.3005,NA,2.064941704,1.261922236,2.064941704,1.261922236,2.064941704,1.261922236,0.337767749
163,Sweden,1973,3.056346377,3926358.322,1.357184915,1.357184915,1.357184915,0.89922706,119983.2235,35318.4975,53297.90536,53297.90536,53297.90536,NA,2.036670616,1.019675761,2.036670616,1.019675761,2.036670616,1.019675761,0.445348316
164,Sweden,1974,2.411098923,3989191.234,1.633839483,1.633839483,1.633839483,1.224160441,96135.13252,48855.665,65195.26282,65195.26282,65195.26282,NA,1.984779236,0.426319687,1.984779236,0.426319687,1.984779236,0.426319687,1.600284699
165,Sweden,1975,1.994718537,4080488.617,1.628957114,1.628957114,1.628957114,1.232811996,81414.75233,50281.92,66448.74997,66448.74997,66448.74997,NA,1.80258452,0.192134017,1.80258452,0.192134017,1.80258452,0.192134017,2.288618867
166,Sweden,1976,1.940595779,4122031.828,1.529839114,1.529839114,1.529839114,1.126301451,79996.33595,46428.5,63062.10981,63062.10981,63062.10981,NA,1.723020408,0.21757537,1.723020408,0.21757537,1.723020408,0.21757537,1.018094034
167,Sweden,1977,2.234430649,4151026.163,1.341813935,1.341813935,1.341813935,0.916652833,92767.0433,38043.835,55693.11207,55693.11207,55693.11207,NA,1.73152828,0.50290237,1.73152828,0.50290237,1.73152828,0.50290237,0.703399105
168,Sweden,1978,2.819579857,4184153.777,1.25885364,1.25885364,1.25885364,0.827086196,117975.829,34609.585,52674.8662,52674.8662,52674.8662,NA,1.88399532,0.935584536,1.88399532,0.935584536,1.88399532,0.935584536,0.798058408
169,Sweden,1979,2.597457029,4237879.264,1.550504198,1.550504198,1.550504198,1.166601111,110048.292,49462.0825,65728.2226,65728.2226,65728.2226,NA,2.006830343,0.590626685,2.006830343,0.590626685,2.006830343,0.590626685,1.284022776
170,Sweden,1980,2.502342197,4280255.915,1.628147547,1.628147547,1.628147547,1.260871876,107119.719,53960.6675,69681.8764,69681.8764,69681.8764,NA,2.018460381,0.483881815,2.018460381,0.483881815,2.018460381,0.483881815,0.99994947
171,Sweden,1981,3.178916701,4312968.08,1.128134347,1.128134347,1.128134347,0.696431378,137115.8497,30032.75,48652.44112,48652.44112,48652.44112,NA,1.893738397,1.285178303,1.893738397,1.285178303,1.893738397,1.285178303,0.764257222
172,Sweden,1982,3.964979748,4326381.905,0.918092862,0.918092862,0.918092862,0.459258892,171550.9861,19866.6675,39717.81595,39717.81595,39717.81595,NA,1.907935954,2.057043794,1.907935954,2.057043794,1.907935954,2.057043794,0.311011445
173,Sweden,1983,4.368482545,4352859.024,0.931283486,0.931283486,0.931283486,0.477829851,190156.7203,20800,40538.09023,40538.09023,40538.09023,NA,2.017001649,2.351480896,2.017001649,2.351480896,2.017001649,2.351480896,0.611992194
174,Sweden,1984,3.917712964,4377273.899,1.091224779,1.091224779,1.091224779,0.663054753,171472.9227,29033.335,47774.08917,47774.08917,47774.08917,NA,2.067632817,1.850080147,2.067632817,1.850080147,2.067632817,1.850080147,0.560892855
175,Sweden,1985,3.589939947,4412537.952,1.228390342,1.228390342,1.228390342,0.823754591,158396.828,36350.0025,54204.46012,54204.46012,54204.46012,NA,2.099963704,1.489976243,2.099963704,1.489976243,2.099963704,1.489976243,0.805616777
176,Sweden,1986,3.36662779,4434715.731,1.27480687,1.27480687,1.27480687,0.879439767,149296.874,38999.9975,56533.45086,56533.45086,56533.45086,NA,2.071666053,1.294961737,2.071666053,1.294961737,2.071666053,1.294961737,0.502608238
177,Sweden,1987,2.88140581,4458039.536,1.408795742,1.408795742,1.408795742,1.034880936,128435.7588,46141.6675,62810.02245,62810.02245,62810.02245,NA,2.014773495,0.866632315,2.014773495,0.866632315,2.014773495,0.866632315,0.52593685
178,Sweden,1988,2.452078433,4505274.515,1.510487053,1.510487053,1.510487053,1.156544032,110461.7375,52108.3325,68053.92199,68053.92199,68053.92199,NA,1.924534418,0.527544015,1.924534418,0.527544015,1.924534418,0.527544015,1.059545989
179,Sweden,1989,2.174782563,4558175.253,1.451352689,1.451352689,1.451352689,1.095777033,99131.28706,49950,66157.03674,66157.03674,66157.03674,NA,1.776619408,0.398163155,1.776619408,0.398163155,1.776619408,0.398163155,1.174195671
180,Sweden,1990,2.3957086,4611589.337,1.274240839,1.274240839,1.274240839,0.900697991,110504.6,41525,58752.58994,58752.58994,58752.58994,NA,1.747200543,0.648508057,1.747200543,0.648508057,1.747200543,0.648508057,1.17183042
181,Sweden,1991,3.881551896,4589708.755,0.839792917,0.839792917,0.839792917,0.403743786,178034.0154,18550,38560.64153,38560.64153,38560.64153,NA,1.80546387,2.076088025,1.80546387,2.076088025,1.80546387,2.076088025,-0.474469454
182,Sweden,1992,6.562597212,4517042.859,0.698219056,0.698219056,0.698219056,0.233771124,296241.6461,10566.6665,31544.36044,31544.36044,31544.36044,NA,2.140591141,4.422006072,2.140591141,4.422006072,2.140591141,4.422006072,-1.583235437
183,Sweden,1993,10.21872069,4431503.897,0.673175592,0.673175592,0.673175592,0.194465617,452708.0331,8616.667,29830.572,29830.572,29830.572,NA,2.622783511,7.595937177,2.622783511,7.595937177,2.622783511,7.595937177,-1.893693827
184,Sweden,1994,10.5572608,4416527.459,0.739393676,0.739393676,0.739393676,0.267877826,466248.9358,11833.33425,32657.59177,32657.59177,32657.59177,NA,2.79391694,7.763343859,2.79391694,7.763343859,2.79391694,7.763343859,-0.337953852
185,Sweden,1995,9.987807893,4451386.922,0.79551329,0.79551329,0.79551329,0.336222012,444591.4928,14966.665,35411.36991,35411.36991,35411.36991,NA,2.818764608,7.169043285,2.818764608,7.169043285,2.818764608,7.169043285,0.789295737
186,Sweden,1996,10.75541309,4464469.184,0.774971632,0.774971632,0.774971632,0.314518802,480168.0528,14041.665,34598.41878,34598.41878,34598.41878,NA,2.887064258,7.868348834,2.887064258,7.868348834,2.887064258,7.868348834,0.293891809
187,Sweden,1997,10.99068806,4433014.294,0.822410785,0.822410785,0.822410785,0.364463778,487306.5396,16150,36451.36292,36451.36292,36451.36292,NA,3.006469756,7.9842183,3.006469756,7.9842183,3.006469756,7.9842183,-0.70456058
188,Sweden,1998,9.294999909,4421328.047,0.96201488,0.96201488,0.96201488,0.521802801,410911.8017,23074.9975,42537.50839,42537.50839,42537.50839,NA,2.990305707,6.304694202,2.990305707,6.304694202,2.990305707,6.304694202,-0.263618521
189,Sweden,1999,7.948695777,4453067.703,1.008515772,1.008515772,1.008515772,0.578800058,353954.9983,25775.0025,44910.45123,44910.45123,44910.45123,NA,2.831322139,5.117373638,2.831322139,5.117373638,2.831322139,5.117373638,0.71787608
190,Sweden,2000,6.668349814,4487320.978,1.183502843,1.183502843,1.183502843,0.782237435,299166.3894,35108.3325,53113.19846,53113.19846,53113.19846,NA,2.809272319,3.859077495,2.809272319,3.859077495,2.809272319,3.859077495,0.769206235
191,Sweden,2001,5.872312044,4531298.174,1.522517478,1.021678539,1.021678539,0.603594801,266095.1623,27350,68984.30259,46294.66312,46294.66312,68984.30259,2.990099953,2.882212092,2.449411193,3.422900851,2.449411193,3.422900851,0.980032318
192,Sweden,2002,5.996256629,4544664.959,1.195917052,1.054606809,1.054606809,0.642705874,272515.3413,29209.085,54348.12764,47928.54988,47928.54988,54348.12764,2.67787706,3.318379569,2.514695423,3.481561206,2.514695423,3.481561206,0.294987997
193,Sweden,2003,6.642757658,4564434.717,0.968701486,0.974150678,0.974150678,0.553573106,303225.6428,25263,44210.13011,44460.46959,44460.46959,44210.13011,2.536700458,4.106057199,2.543825245,4.098932413,2.543825245,4.098932413,0.43501023
194,Sweden,2004,7.449080175,4582931.519,0.823085151,0.88569535,0.88569535,0.455166525,341387.9048,20859.42,37722.17989,40590.31246,40590.31246,37722.17989,2.476131516,4.97294866,2.568582425,4.88049775,2.568582425,4.88049775,0.405237521
195,Sweden,2005,7.669960641,4615070.366,0.909831599,0.907773197,0.907773197,0.484127745,353986.91,22348.415,42002.19399,41898.93967,41898.93967,42002.19399,2.641660946,5.028299694,2.638671008,5.031289633,2.638671008,5.031289633,0.701272678
196,Sweden,2006,7.077743562,4671153.427,1.007063428,1.086118019,1.086118019,0.693643694,330555.7041,32414.8325,47043.35212,50745.97265,50745.97265,47043.35212,2.669782144,4.407961418,2.772591715,4.305151847,2.772591715,4.305151847,1.215215746
197,Sweden,2007,6.165236661,4736214.447,1.159715461,1.254934898,1.254934898,0.893174643,291972.4112,42312.665,54932.76682,59444.842,59444.842,54932.76682,2.673933484,3.491303177,2.781541055,3.383695606,2.781541055,3.383695606,1.392825588
198,Sweden,2008,6.154981527,4778519.43,1.026645297,1.16439606,1.16439606,0.7948981,294134.9726,37980.4125,49055.32251,55637.37218,55637.37218,49055.32251,2.513758708,3.641222819,2.677094738,3.477886789,2.677094738,3.477886789,0.893223534
199,Sweden,2009,8.401334521,4783848.227,0.70296293,0.961209044,0.961209044,0.564296185,401899.452,26995.75,33630.1501,45983.32481,45983.32481,33630.1501,2.430190678,5.971143842,2.841731641,5.559602879,2.841731641,5.559602879,0.111515663
200,Sweden,2010,8.671200855,4811663.037,1.04673385,1.069907503,1.069907503,0.691032294,417184.1741,33263.9975,50386.1951,51492.27498,51492.27498,50386.1951,3.012712972,5.658487882,3.045879652,5.625321202,3.045879652,5.625321202,0.581431705
201,Sweden,2011,7.860306462,4871565.319,1.320344277,1.273273966,1.273273966,0.928904389,382913.624,45255.9175,64323.5814,62031.56681,62031.56681,64323.5814,3.221538554,4.638767908,3.16359346,4.696713002,3.16359346,4.696713002,1.244939252
202,Sweden,2012,8.041838268,4895785.358,1.331552486,1.287730052,1.287730052,0.947922804,393735.337,46406.8325,65181.98843,63043.06698,63043.06698,65181.98843,3.272327877,4.76951039,3.218029959,4.823808309,3.218029959,4.823808309,0.497171598
203,Sweden,2013,8.147453841,4947988.803,1.260465958,1.30358065,1.30358065,0.971416171,403127.8062,48065.165,62369.88159,64500.51918,64500.51918,62369.88159,3.204619824,4.942834018,3.258966581,4.88848726,3.258966581,4.88848726,1.066293565
204,Sweden,2014,8.024643364,4987991.089,1.40486251,1.390689394,1.390689394,1.074636026,400257.5244,53612.25,70076.22353,69375.66408,69375.66408,70076.22353,3.357606382,4.667036982,3.340626651,4.684016713,3.340626651,4.684016713,0.80845547
205,Sweden,2015,7.504352339,5028779.278,1.659558061,1.716546697,1.716546697,1.449523434,377344.8294,72913.165,83470.96427,86338.58377,86338.58377,83470.96427,3.529009551,3.975342788,3.589090584,3.915261755,3.589090584,3.915261755,0.817727794
206,Sweden,2016,6.990310159,5084584.367,1.931301475,2.075042584,2.075042584,1.862954714,355418.7818,94728.5,98213.52729,105511.3419,105511.3419,98213.52729,3.674288546,3.316021612,3.808568137,3.181742021,3.808568137,3.181742021,1.109714421
207,Sweden,2017,6.709565968,5168147.907,2.153914843,2.138611378,2.138611378,1.943339546,346751.7673,100445.9225,111331.6168,110536.1907,110536.1907,111331.6168,3.801556751,2.908009217,3.788027735,2.921538233,3.788027735,2.921538233,1.643468443
208,Sweden,2018,6.375801241,5233706.71,2.281087721,2.235315569,2.235315569,2.059510859,333708.7514,107790.6,119386.4439,116991.1787,116991.1787,119386.4439,3.813628445,2.562172796,3.775172549,2.600628692,3.775172549,2.600628692,1.268516394
209,Sweden,2019,6.838599618,5286729.807,2.209958783,2.093896474,2.093896474,1.903458253,361559.8913,100624,116828.5822,110692.697,110692.697,116828.5822,3.887547207,2.951052411,3.784087687,3.05451193,3.784087687,3.05451193,1.013107921
210,Sweden,2020,8.439219545,5301296.663,1.660457919,1.560095669,1.790971055,1.560095669,447420.1493,82708.835,88026.21949,82708.835,94947.66595,88026.21949,3.74339003,4.695829515,3.628496915,4.81072263,3.887724004,4.551495541,0.275536219
211,Sweden,2021,8.901072344,5307103.24,2.298032862,2.066250583,2.235364014,2.066250583,472263.1187,109732.765,122044.6818,109732.765,118698.0816,122044.6818,4.52271564,4.378356704,4.288571548,4.612500796,4.460620675,4.440451669,0.109531271
212,Sweden,2022,7.401724852,5384598.662,3.005694127,2.988261826,3.039649922,2.988261826,398502.8154,160918.925,161852.3818,160918.925,163683.8619,161852.3818,4.716706575,2.685018277,4.703008805,2.698716047,4.743274435,2.658450416,1.460220719
213,United Kingdom,1970,NA,NA,NA,NA,NA,NA,602241.675,188141.675,190981.1943,190981.1943,190981.1943,NA,NA,NA,NA,NA,NA,NA,NA
214,United Kingdom,1971,2.538772385,25564750,0.523992899,0.523992899,0.523992899,0.512087899,648958.325,130925,133968.4388,133968.4388,133968.4388,NA,1.153385756,1.385386629,1.153385756,1.385386629,1.153385756,1.385386629,NA
215,United Kingdom,1972,2.799659916,25695000,0.584610877,0.584610877,0.584610877,0.572992532,719316.65,147258.325,150243.552,150243.552,150243.552,NA,1.279340314,1.520319601,1.279340314,1.520319601,1.279340314,1.520319601,0.509490607
216,United Kingdom,1973,1.973334495,25911250,1.193013882,1.193013882,1.193013882,1.183686063,511341.65,306691.65,309108.6588,309108.6588,309108.6588,NA,1.534345283,0.438989213,1.534345283,0.438989213,1.534345283,0.438989213,0.841603425
217,United Kingdom,1974,1.978723602,25978500,1.163919378,1.163919378,1.163919378,1.154522639,514091.675,299916.675,302357.8297,302357.8297,302357.8297,NA,1.517588463,0.461135138,1.517588463,0.461135138,1.517588463,0.461135138,0.259539775
218,United Kingdom,1975,3.022902028,26106750,0.593476899,0.593476899,0.593476899,0.582106445,789475.025,151900,154868.6842,154868.6842,154868.6842,NA,1.339411259,1.683490769,1.339411259,1.683490769,1.339411259,1.683490769,0.493677464
219,United Kingdom,1976,4.129499941,26199500,0.478175047,0.478175047,0.478175047,0.466440023,1081916.75,122208.35,125282.8548,125282.8548,125282.8548,NA,1.40521309,2.724286851,1.40521309,2.724286851,1.40521309,2.724286851,0.355272104
220,United Kingdom,1977,4.377448249,26279250,0.599973032,0.599973032,0.599973032,0.588714431,1150400,154716.675,157675.3206,157675.3206,157675.3206,NA,1.620602018,2.756846231,1.620602018,2.756846231,1.620602018,2.756846231,0.304395122
221,United Kingdom,1978,4.293538937,26393500,0.807183671,0.807183671,0.807183671,0.796724196,1133166.75,210316.65,213077.138,213077.138,213077.138,NA,1.861632219,2.431906718,1.861632219,2.431906718,1.861632219,2.431906718,0.434753655
222,United Kingdom,1979,3.994975579,26626750,0.916097881,0.916097881,0.916097881,0.9061448,1063650,241266.675,243916.8575,243916.8575,243916.8575,NA,1.913057412,2.081918166,1.913057412,2.081918166,1.913057412,2.081918166,0.883740315
223,United Kingdom,1980,5.016330549,26919250,0.510242352,0.510242352,0.510242352,0.498981404,1350991.75,134216.66,137248.3673,137248.3673,137248.3673,NA,1.599857586,3.416472963,1.599857586,3.416472963,1.599857586,3.416472963,1.098519346
224,United Kingdom,1981,7.961192561,27039250,0.348677142,0.348677142,0.348677142,0.336896476,2152441.75,91083.34,94268.77391,94268.77391,94268.77391,NA,1.666098997,6.295093565,1.666098997,6.295093565,1.666098997,6.295093565,0.44577765
225,United Kingdom,1982,9.402175244,26825250,0.436029627,0.436029627,0.436029627,0.424457388,2521883.5,113858.325,116962.5892,116962.5892,116962.5892,NA,2.024753556,7.377421688,2.024753556,7.377421688,2.024753556,7.377421688,-0.79144207
226,United Kingdom,1983,10.2836437,26856000,0.522421541,0.522421541,0.522421541,0.511172703,2761858.5,137333.325,140353.9246,140353.9246,140353.9246,NA,2.317843177,7.965800523,2.317843177,7.965800523,2.317843177,7.965800523,0.114630805
227,United Kingdom,1984,10.49052746,27526250,0.556340653,0.556340653,0.556340653,0.545533082,2887750,150166.675,153141.5367,153141.5367,153141.5367,NA,2.415844965,8.074682498,2.415844965,8.074682498,2.415844965,8.074682498,2.495717903
228,United Kingdom,1985,10.8034748,27743250,0.594759339,0.594759339,0.594759339,0.584189439,2997249.75,162075,165007.4206,165007.4206,165007.4206,NA,2.534850593,8.268624203,2.534850593,8.268624203,2.534850593,8.268624203,0.788338404
229,United Kingdom,1986,10.98930788,27906000,0.68655839,0.68655839,0.68655839,0.676390816,3066633.5,188791.675,191628.8777,191628.8777,191628.8777,NA,2.74678021,8.242527673,2.74678021,8.242527673,2.74678021,8.242527673,0.58662918
230,United Kingdom,1987,9.866297898,28178750,0.844576492,0.844576492,0.844576492,0.835096207,2779616.5,235375,238046.1804,238046.1804,238046.1804,NA,2.886666462,6.979631436,2.886666462,6.979631436,2.886666462,6.979631436,0.977388375
231,United Kingdom,1988,7.90310678,28515250,0.881211146,0.881211146,0.881211146,0.872009459,2253116.5,248641.65,251265.5482,251265.5482,251265.5482,NA,2.638997116,5.264109663,2.638997116,5.264109663,2.638997116,5.264109663,1.194162268
232,United Kingdom,1989,6.132977189,28830750,0.770866322,0.770866322,0.770866322,0.761405239,1768016.75,219508.35,222236.0789,222236.0789,222236.0789,NA,2.174328762,3.958648427,2.174328762,3.958648427,2.174328762,3.958648427,1.106425509
233,United Kingdom,1990,5.698169847,28924250,0.610321925,0.610321925,0.610321925,0.600326142,1648133.5,173641.675,176532.8721,176532.8721,176532.8721,NA,1.864864067,3.83330578,1.864864067,3.83330578,1.864864067,3.83330578,0.324306513
234,United Kingdom,1991,7.907022362,28692250,0.421608361,0.421608361,0.421608361,0.410838909,2267841.75,117908.325,120998.155,120998.155,120998.155,NA,1.825833163,6.081189199,1.825833163,6.081189199,1.825833163,6.081189199,-0.802095128
235,United Kingdom,1992,9.667700759,28361000,0.42381812,0.42381812,0.42381812,0.412913309,2741550,117108.35,120201.0311,120201.0311,120201.0311,NA,2.024190396,7.643510363,2.024190396,7.643510363,2.024190396,7.643510363,-1.154492938
236,United Kingdom,1993,10.18917006,28232000,0.463661655,0.463661655,0.463661655,0.452842673,2876641.5,127841.675,130896.1027,130896.1027,130896.1027,NA,2.173551805,8.015618251,2.173551805,8.015618251,2.173551805,8.015618251,-0.45484997
237,United Kingdom,1994,9.221056971,28179750,0.571106759,0.571106759,0.571106759,0.56064894,2598583.5,157975.025,160922.0579,160922.0579,160922.0579,NA,2.294821988,6.926234982,2.294821988,6.926234982,2.294821988,6.926234982,-0.185073675
238,United Kingdom,1995,8.104155856,28254500,0.653931869,0.653931869,0.653931869,0.643803316,2289658.5,181908.35,184770.0848,184770.0848,184770.0848,NA,2.302078579,5.802077277,2.302078579,5.802077277,2.302078579,5.802077277,0.265261402
239,United Kingdom,1996,7.362360461,28355750,0.802507219,0.802507219,0.802507219,0.792954636,2087491.5,224883.325,227591.8976,227591.8976,227591.8976,NA,2.430709242,4.931651219,2.430709242,4.931651219,2.430709242,4.931651219,0.358349997
240,United Kingdom,1997,5.557256627,28513000,1.002315891,1.002315891,1.002315891,0.993546495,1584491.5,283291.675,285792.081,285792.081,285792.081,NA,2.360111571,3.197145056,2.360111571,3.197145056,2.360111571,3.197145056,0.554561244
241,United Kingdom,1998,4.715440648,28583500,1.043561498,1.043561498,1.043561498,1.034969988,1347758.25,295850,298305.6483,298305.6483,298305.6483,NA,2.218299417,2.497141231,2.218299417,2.497141231,2.218299417,2.497141231,0.247255638
242,United Kingdom,1999,4.319732749,28895000,1.095756314,1.095756314,1.095756314,1.087484395,1248058.5,314266.675,316656.6865,316656.6865,316656.6865,NA,2.175631962,2.144100786,2.175631962,2.144100786,2.175631962,2.144100786,1.089789564
243,United Kingdom,2000,3.744110707,29070250,1.240083041,1.240083041,1.240083041,1.23240091,1088400,358266.675,360499.8711,360499.8711,360499.8711,NA,2.154764068,1.589346639,2.154764068,1.589346639,2.154764068,1.589346639,0.606506316
244,United Kingdom,2001,3.321807341,29200500,2.008513654,1.922905853,1.922905853,1.917719967,969941.675,560166.675,586643.539,561680.3023,561680.3023,NA,2.583001239,0.738806102,2.527354897,0.794452444,2.527354897,0.794452444,0.448052562
245,United Kingdom,2002,3.212068827,29472750,2.07572988,2.079688518,2.079688518,2.075174751,946650,611583.325,611749.8464,612913.704,612913.704,611749.8464,2.582128432,0.629940395,2.584589457,0.627479371,2.584589457,0.627479371,0.932347049
246,United Kingdom,2003,3.140479114,29711000,2.000891701,2.003361816,2.003361816,1.998671026,933050.025,593833.35,594500.0362,595226.9897,595226.9897,594500.0362,2.506742627,0.633736488,2.508289445,0.632189669,2.508289445,0.632189669,0.808373837
247,United Kingdom,2004,2.849034411,29953750,2.151576458,2.158399077,2.158399077,2.154358849,853341.675,645333.325,644500.0729,646543.4195,646543.4195,644500.0729,2.475866589,0.373167822,2.479788951,0.36924546,2.479788951,0.36924546,0.817037461
248,United Kingdom,2005,2.842607402,30313750,2.073474008,2.076034277,2.076034277,2.071839084,861775,628000,628500.2284,629271.8702,629271.8702,628500.2284,2.42777111,0.414836291,2.42926952,0.413337882,2.42926952,0.413337882,1.201852856
249,United Kingdom,2006,3.066930367,30808500,1.97340721,1.983458749,1.983458749,1.979119046,944900,609750,608000.3168,611086.913,611086.913,608000.3168,2.46014278,0.606787587,2.466400184,0.600530183,2.466400184,0.600530183,1.632097645
250,United Kingdom,2007,2.786052415,31032500,2.150808548,2.15284233,2.15284233,2.149190989,864466.675,667000,667500.2495,668132.8748,668132.8748,667500.2495,2.447910405,0.33814201,2.44906749,0.336984925,2.44906749,0.336984925,0.727072074
251,United Kingdom,2008,2.883340531,31414750,1.986063852,1.988806673,1.988806673,1.984706801,906083.425,623333.35,623750.1818,624621.8521,624621.8521,623750.1818,2.393010322,0.490330209,2.394662166,0.488678365,2.394662166,0.488678365,1.231773141
252,United Kingdom,2009,4.840944866,31559000,1.412403754,1.421912937,1.421912937,1.415836757,1527683.25,446833.325,445750.4352,448750.8708,448750.8708,445750.4352,2.614836267,2.226108599,2.623623855,2.217321011,2.623623855,2.217321011,0.459179207
253,United Kingdom,2010,4.717307558,31725250,1.485462433,1.49330461,1.49330461,1.487542102,1496358.25,471916.675,471250.2546,473744.8241,473744.8241,471250.2546,2.647146229,2.070161328,2.654124549,2.063183009,2.654124549,2.063183009,0.52679109
254,United Kingdom,2011,4.799245066,31971000,1.463849711,1.469869218,1.469869218,1.464108395,1534408.25,468083.325,468000.185,469925.1361,469925.1361,468000.185,2.650542115,2.14870295,2.655986181,2.143258885,2.655986181,2.143258885,0.774619585
255,United Kingdom,2012,4.91408452,32267500,1.495966322,1.500233236,1.500233236,1.494682109,1585575,482333.35,482750.1679,484124.3742,484124.3742,482750.1679,2.711329,2.20275552,2.71519298,2.19889154,2.71519298,2.19889154,0.927402959
256,United Kingdom,2013,4.371747294,32517250,1.661226159,1.664809704,1.664809704,1.659931125,1421224.75,539833.35,540250.179,541419.445,541419.445,540250.179,2.694895353,1.676851941,2.69780046,1.673946835,2.69780046,1.673946835,0.773998605
257,United Kingdom,2014,3.161144511,32779500,2.037778963,2.043246891,2.043246891,2.039808659,1036116.675,668666.7,667999.9892,669793.6347,669793.6347,667999.9892,2.538053148,0.623091363,2.541456019,0.619688492,2.541456019,0.619688492,0.806495014
258,United Kingdom,2015,2.413330258,33065250,2.2273848,2.229797837,2.229797837,2.227119615,797908.35,736416.675,736499.9623,737302.1497,737302.1497,736499.9623,2.318494153,0.094836106,2.319749683,0.093580576,2.319749683,0.093580576,0.871733858
259,United Kingdom,2016,2.315343886,33377250,2.249290008,2.253257805,2.253257805,2.250763142,772808.35,751250.025,750749.9294,752082.6338,752082.6338,750749.9294,2.282077971,0.033265914,2.284089902,0.031253983,2.284089902,0.031253983,0.943588813
260,United Kingdom,2017,2.37134398,33533000,2.369249167,2.373503888,2.373503888,2.37148835,795200,795250.025,794499.8629,795925.8184,795925.8184,794499.8629,2.370296342,0.001047638,2.372423689,-0.001079708,2.372423689,-0.001079708,0.466635208
261,United Kingdom,2018,2.662244574,33819500,2.477070789,2.478824885,2.478824885,2.477275009,900466.675,837833.325,837749.9177,838357.3521,838357.3521,837749.9177,2.567989148,0.094255425,2.568898227,0.093346347,2.568898227,0.093346347,0.85438225
262,United Kingdom,2019,3.321683233,34104000,2.417715248,2.416935177,2.416935177,2.415250828,1132958.25,823666.65,824499.9772,824241.167,824241.167,824499.9772,2.833881473,0.48780176,2.833424263,0.488258971,2.833424263,0.488258971,0.841230651
263,United Kingdom,2020,6.594593648,34060250,1.620958022,1.624897656,1.629412239,1.624897656,2243125.25,553999.975,552775.0867,553999.975,555535.5803,NA,3.269489176,3.325104472,3.273459907,3.321133742,3.27800421,3.316589439,-0.128284072
264,United Kingdom,2021,6.720262196,33931250,2.847231186,2.84703332,2.847231186,2.84703332,2279858.25,966416.825,966482.5823,966416.825,966482.5823,NA,4.374258806,2.34600339,4.374106811,2.346155385,4.374258806,2.34600339,-0.378740614
265,United Kingdom,2022,4.678329023,34005750,3.648602759,3.651293917,3.648602759,3.651293917,1590749.75,1241583.25,1240668.318,1241583.25,1240668.318,NA,4.131508706,0.546820318,4.133032096,0.545296927,4.131508706,0.546820318,0.219561614
266,United States,1970,4.983333333,82796083.33,3.650001773,3.650001773,3.650001773,3.650001773,NA,NA,NA,NA,NA,NA,4.264876962,0.718456371,4.264876962,0.718456371,4.264876962,0.718456371,2.590914864
267,United States,1971,5.95,84376166.67,3.184062095,3.184062095,3.184062095,3.184062095,NA,NA,NA,NA,NA,NA,4.352604906,1.597395094,4.352604906,1.597395094,4.352604906,1.597395094,1.908403477
268,United States,1972,5.6,87011000,3.823391958,3.823391958,3.823391958,3.823391958,NA,NA,NA,NA,NA,NA,4.627201635,0.972798365,4.627201635,0.972798365,4.627201635,0.972798365,3.122722254
269,United States,1973,4.858333333,89410666.67,4.571347322,4.571347322,4.571347322,4.571347322,NA,NA,NA,NA,NA,NA,4.712656265,0.145677068,4.712656265,0.145677068,4.712656265,0.145677068,2.757888849
270,United States,1974,5.641666667,91975916.67,3.884019338,3.884019338,3.884019338,3.884019338,NA,NA,NA,NA,NA,NA,4.681062105,0.960604562,4.681062105,0.960604562,4.681062105,0.960604562,2.869064839
271,United States,1975,8.475,93769833.33,2.776139897,2.776139897,2.776139897,2.776139897,NA,NA,NA,NA,NA,NA,4.850544879,3.624455121,4.850544879,3.624455121,4.850544879,3.624455121,1.950419992
272,United States,1976,7.7,96150666.67,3.201242078,3.201242078,3.201242078,3.201242078,NA,NA,NA,NA,NA,NA,4.964832727,2.735167273,4.964832727,2.735167273,4.964832727,2.735167273,2.539018412
273,United States,1977,7.05,98984166.67,3.852380567,3.852380567,3.852380567,3.852380567,NA,NA,NA,NA,NA,NA,5.211456898,1.838543102,5.211456898,1.838543102,5.211456898,1.838543102,2.946937445
274,United States,1978,6.066666667,102233250,4.720995098,4.720995098,4.720995098,4.720995098,NA,NA,NA,NA,NA,NA,5.351701,0.714965666,5.351701,0.714965666,5.351701,0.714965666,3.282427324
275,United States,1979,5.85,104960583.3,4.854252938,4.854252938,4.854252938,4.854252938,NA,NA,NA,NA,NA,NA,5.328919185,0.521080815,5.328919185,0.521080815,5.328919185,0.521080815,2.66775568
276,United States,1980,7.175,106974000,3.898713579,3.898713579,3.898713579,3.898713579,NA,NA,NA,NA,NA,NA,5.288976265,1.886023735,5.288976265,1.886023735,5.288976265,1.886023735,1.918259791
277,United States,1981,7.616666667,108675916.7,3.546145501,3.546145501,3.546145501,3.546145501,NA,NA,NA,NA,NA,NA,5.197096135,2.419570532,5.197096135,2.419570532,5.197096135,2.419570532,1.590962913
278,United States,1982,9.708333333,110244083.3,2.540790677,2.540790677,2.540790677,2.540790677,NA,NA,NA,NA,NA,NA,4.966572542,4.741760791,4.966572542,4.741760791,4.966572542,4.741760791,1.44297533
279,United States,1983,9.6,111515416.7,2.799827118,2.799827118,2.799827118,2.799827118,NA,NA,NA,NA,NA,NA,5.184432499,4.415567501,5.184432499,4.415567501,5.184432499,4.415567501,1.153198698
280,United States,1984,7.508333333,113531833.3,3.774856315,3.774856315,3.774856315,3.774856315,NA,NA,NA,NA,NA,NA,5.323803105,2.184530229,5.323803105,2.184530229,5.323803105,2.184530229,1.808195429
281,United States,1985,7.191666667,115467416.7,3.957710127,3.957710127,3.957710127,3.957710127,NA,NA,NA,NA,NA,NA,5.335028772,1.856637895,5.335028772,1.856637895,5.335028772,1.856637895,1.704881597
282,United States,1986,7,117845583.3,3.902462302,3.902462302,3.902462302,3.902462302,NA,NA,NA,NA,NA,NA,5.226589338,1.773410662,5.226589338,1.773410662,5.226589338,1.773410662,2.059599786
283,United States,1987,6.175,119852833.3,4.166824553,4.166824553,4.166824553,4.166824553,NA,NA,NA,NA,NA,NA,5.072488701,1.102511299,5.072488701,1.102511299,5.072488701,1.102511299,1.703288272
284,United States,1988,5.491666667,121670666.7,4.228538674,4.228538674,4.228538674,4.228538674,NA,NA,NA,NA,NA,NA,4.818892496,0.672774171,4.818892496,0.672774171,4.818892496,0.672774171,1.516721201
285,United States,1989,5.258333333,123850666.7,3.956019112,3.956019112,3.956019112,3.956019112,NA,NA,NA,NA,NA,NA,4.560928322,0.697405011,4.560928322,0.697405011,4.560928322,0.697405011,1.791721916
286,United States,1990,5.616666667,125856666.7,3.330132308,3.330132308,3.330132308,3.330132308,NA,NA,NA,NA,NA,NA,4.324840243,1.291826424,4.324840243,1.291826424,4.324840243,1.291826424,1.619692533
287,United States,1991,6.85,126352416.7,2.453061538,2.453061538,2.453061538,2.453061538,NA,NA,NA,NA,NA,NA,4.099203769,2.750796231,4.099203769,2.750796231,4.099203769,2.750796231,0.393900469
288,United States,1992,7.491666667,128099083.3,2.438898908,2.438898908,2.438898908,2.438898908,NA,NA,NA,NA,NA,NA,4.274507885,3.217158782,4.274507885,3.217158782,4.274507885,3.217158782,1.382376936
289,United States,1993,6.908333333,129185333.3,2.685774407,2.685774407,2.685774407,2.685774407,NA,NA,NA,NA,NA,NA,4.307461533,2.6008718,4.307461533,2.6008718,4.307461533,2.6008718,0.847976404
290,United States,1994,6.1,131046666.7,3.162532165,3.162532165,3.162532165,3.162532165,NA,NA,NA,NA,NA,NA,4.392202888,1.707797112,4.392202888,1.707797112,4.392202888,1.707797112,1.440824036
291,United States,1995,5.591666667,132315166.7,3.239198491,3.239198491,3.239198491,3.239198491,NA,NA,NA,NA,NA,NA,4.255880429,1.335786237,4.255880429,1.335786237,4.255880429,1.335786237,0.967975785
292,United States,1996,5.408333333,133951250,3.240484843,3.240484843,3.240484843,3.240484843,NA,NA,NA,NA,NA,NA,4.186361451,1.221971883,4.186361451,1.221971883,4.186361451,1.221971883,1.236504759
293,United States,1997,4.941666667,136301000,3.456806477,3.456806477,3.456806477,3.456806477,NA,NA,NA,NA,NA,NA,4.13308424,0.808582426,4.13308424,0.808582426,4.13308424,0.808582426,1.754182958
294,United States,1998,4.5,137679833.3,3.671254494,3.671254494,3.671254494,3.671254494,NA,NA,NA,NA,NA,NA,4.064559659,0.435440341,4.064559659,0.435440341,4.064559659,0.435440341,1.01160911
295,United States,1999,4.216666667,139379916.7,3.75876158,3.75876158,3.75876158,3.75876158,NA,NA,NA,NA,NA,NA,3.981136102,0.235530565,3.981136102,0.235530565,3.981136102,0.235530565,1.234809262
296,United States,2000,3.966666667,142585750,3.698514111,3.698514111,3.698514111,3.698514111,NA,NA,NA,NA,NA,NA,3.830244462,0.136422205,3.830244462,0.136422205,3.830244462,0.136422205,2.300068338
297,United States,2001,4.741666667,143768916.7,2.975347738,2.975347738,2.975347738,2.975347738,NA,NA,NA,NA,NA,NA,3.756076037,0.98559063,3.756076037,0.98559063,3.756076037,0.98559063,0.829793066
298,United States,2002,5.783333333,144856083.3,2.371354,2.371354,2.371354,2.371354,NA,NA,NA,NA,NA,NA,3.703286464,2.080046869,3.703286464,2.080046869,3.703286464,2.080046869,0.756190345
299,United States,2003,5.991666667,146499500,2.239445558,2.239445558,2.239445558,2.239445558,NA,NA,NA,NA,NA,NA,3.663060373,2.328606293,3.663060373,2.328606293,3.663060373,2.328606293,1.134516845
300,United States,2004,5.541666667,147379583.3,2.427296988,2.427296988,2.427296988,2.427296988,NA,NA,NA,NA,NA,NA,3.667597417,1.87406925,3.667597417,1.87406925,3.667597417,1.87406925,0.600741527
301,United States,2005,5.083333333,149289166.7,2.717179228,2.717179228,2.717179228,2.717179228,NA,NA,NA,NA,NA,NA,3.716494012,1.366839321,3.716494012,1.366839321,3.716494012,1.366839321,1.29569055
302,United States,2006,4.608333333,151408833.3,2.90385741,2.90385741,2.90385741,2.90385741,NA,NA,NA,NA,NA,NA,3.6581338,0.950199533,3.6581338,0.950199533,3.6581338,0.950199533,1.419839573
303,United States,2007,4.616666667,153123083.3,2.933141484,2.933141484,2.933141484,2.933141484,NA,NA,NA,NA,NA,NA,3.679855502,0.936811164,3.679855502,0.936811164,3.679855502,0.936811164,1.132199464
304,United States,2008,5.8,154321583.3,2.374181118,2.374181118,2.374181118,2.374181118,NA,NA,NA,NA,NA,NA,3.710828814,2.089171186,3.710828814,2.089171186,3.710828814,2.089171186,0.782703675
305,United States,2009,9.283333333,154188500,1.588848642,1.588848642,1.588848642,1.588848642,NA,NA,NA,NA,NA,NA,3.840548341,5.442784993,3.840548341,5.442784993,3.840548341,5.442784993,-0.086237667
306,United States,2010,9.608333333,153885250,1.847073656,1.847073656,1.847073656,1.847073656,NA,NA,NA,NA,NA,NA,4.212754369,5.395578964,4.212754369,5.395578964,4.212754369,5.395578964,-0.196674849
307,United States,2011,8.933333333,153623666.7,2.107260657,2.107260657,2.107260657,2.107260657,NA,NA,NA,NA,NA,NA,4.338762711,4.594570622,4.338762711,4.594570622,4.338762711,4.594570622,-0.169985969
308,United States,2012,8.075,154973833.3,2.360935436,2.360935436,2.360935436,2.360935436,NA,NA,NA,NA,NA,NA,4.366297475,3.708702525,4.366297475,3.708702525,4.366297475,3.708702525,0.878879339
309,United States,2013,7.358333333,155397500,2.513941665,2.513941665,2.513941665,2.513941665,NA,NA,NA,NA,NA,NA,4.300979046,3.057354288,4.300979046,3.057354288,4.300979046,3.057354288,0.273379484
310,United States,2014,6.175,155920250,2.927267412,2.927267412,2.927267412,2.927267412,NA,NA,NA,NA,NA,NA,4.251573387,1.923426613,4.251573387,1.923426613,4.251573387,1.923426613,0.336395373
311,United States,2015,5.266666667,157138083.3,3.415062325,3.415062325,3.415062325,3.415062325,NA,NA,NA,NA,NA,NA,4.24098985,1.025676816,4.24098985,1.025676816,4.24098985,1.025676816,0.781061686
312,United States,2016,4.866666667,159187500,3.573465602,3.573465602,3.573465602,3.573465602,NA,NA,NA,NA,NA,NA,4.170235716,0.696430951,4.170235716,0.696430951,4.170235716,0.696430951,1.304213863
313,United States,2017,4.35,160319333.3,3.675671321,3.675671321,3.675671321,3.675671321,NA,NA,NA,NA,NA,NA,3.998646052,0.351353948,3.998646052,0.351353948,3.998646052,0.351353948,0.711006413
314,United States,2018,3.891666667,162073833.3,4.382056326,4.382056326,4.382056326,4.382056326,NA,NA,NA,NA,NA,NA,4.129588664,-0.237921998,4.129588664,-0.237921998,4.129588664,-0.237921998,1.094378303
315,United States,2019,3.675,163529916.7,4.377027853,4.377027853,4.377027853,4.377027853,NA,NA,NA,NA,NA,NA,4.010682904,-0.335682904,4.010682904,-0.335682904,4.010682904,-0.335682904,0.898407413
316,United States,2020,8.091666667,160754916.7,3.958458502,3.958458502,3.958458502,3.958458502,NA,NA,NA,NA,NA,NA,5.659551812,2.432114855,5.659551812,2.432114855,5.659551812,2.432114855,-1.696937207
317,United States,2021,5.358333333,161204000,6.093572947,6.093572947,6.093572947,6.093572947,NA,NA,NA,NA,NA,NA,5.714139921,-0.355806588,5.714139921,-0.355806588,5.714139921,-0.355806588,0.279359004
318,United States,2022,3.633333333,164292416.7,6.804787602,6.804787602,6.804787602,6.804787602,NA,NA,NA,NA,NA,NA,4.972329597,-1.338996264,4.972329597,-1.338996264,4.972329597,-1.338996264,1.915843693
