"","country","year","active_pop_oecd","active_pop_growth_oecd","unemployment_rate_oecd","vacancy_rate_lm_v1","vacancy_rate_oecd","unemployment_level_oecd","vacancy_stock_oecd","vacancy_stock_lm_v1","vacancy_stock_eurostat","becru_lm_v1","fegap_lm_v1"
"1","Austria",1970,3010595.25,NA,1.94180300978504,2.87000889097607,1.50394411465938,58444.1675,45279.915,86406.9485779565,NA,2.36071851405608,-0.41891550427104
"2","Austria",1971,3009858,-0.0244885126952884,1.72840211672526,3.30657396451239,1.85755604137293,52019.6675,55913.5825,99527.5675653542,NA,2.39062532392089,-0.662223207195628
"3","Austria",1972,3028083,0.605510293176622,1.62289245402808,3.53435453014923,2.0471024365459,49135.085,61997.9175,107034.877844398,NA,2.39496916406854,-0.772076710040455
"4","Austria",1973,3042785.75,0.4855464661966,1.35831922472074,3.68234539423015,2.17100154768237,41326.6675,66059.915,112046.875965015,NA,2.23647055447746,-0.878151329756712
"5","Austria",1974,3050686.5,0.259655153176657,1.35394562685748,3.33012474378476,1.88762430054206,41305.75,57599.25,101607.470948353,NA,2.12339535502395,-0.769449728166463
"6","Austria",1975,2995354,-1.8137720804809,1.85252050120356,2.30405133519126,1.04105650420163,55464.3325,31209,69045.1950231215,NA,2.06598701212453,-0.213466510920973
"7","Austria",1976,3000766,0.180679812803428,1.84215288001953,2.22480948330986,0.978335397436903,55256.8325,29365.9175,66771.0611699763,NA,2.02446022365815,-0.182307343638626
"8","Austria",1977,3037984.25,1.24029164553317,1.68402055923119,2.31043402108639,1.05784045885872,51165,32135.915,70188.8924867392,NA,1.97251575209342,-0.288495192862228
"9","Austria",1978,3078753,1.34196712836809,1.90238740737016,2.17045475608332,0.955178328067129,58570.4175,29405.0825,66819.3858935621,NA,2.03200536324085,-0.12961795587069
"10","Austria",1979,3115316.75,1.18761557032994,1.82087408207325,2.22191831477949,1.0063091915473,56718.665,31360.0825,69231.6119783407,NA,2.01142573113348,-0.190551649060231
"11","Austria",1980,3128571.25,0.425462354670677,1.69953292979585,2.41454279290045,1.16579416516081,53160.9175,36470.2475,75536.9180195288,NA,2.02573319737214,-0.326200267576288
"12","Austria",1981,3170299.75,1.33378774736231,2.18493343060464,1.94903639913153,0.798948211903753,69294.5025,25320.085,61779.0086425364,NA,2.0636169184051,0.121316512199542
"13","Austria",1982,3303851.25,4.21258273764176,3.18840837018322,1.56953758416554,0.522939925933133,105346.08,17275.5825,51853.0962284358,NA,2.23703526361802,0.951373106565202
"14","Austria",1983,3294496.75,-0.283139260582631,3.86628498955789,1.49552124046131,0.460824388625243,127375.675,15181.3325,49269.0530171583,NA,2.40460211335692,1.46168287620097
"15","Austria",1984,3362584,2.06669652959894,3.88009040802221,1.53796961391381,0.510436597076185,130469.325,17165.5,51717.268157859,NA,2.44283874760013,1.43725166042208
"16","Austria",1985,3354937.5,-0.227399523699631,4.15642648356296,1.72939887470297,0.663905353078362,139446.575,22272.8325,58019.0792474434,NA,2.68106681816389,1.47535966539907
"17","Austria",1986,3383794.75,0.860142700124816,4.49074735857204,1.80273771916165,0.729628570826158,151971.825,24692.6675,61004.8537271673,NA,2.84528375571284,1.6454636028592
"18","Austria",1987,3426852.75,1.27247670680971,4.79974504108042,1.85738202930099,0.783109535609574,164467.9,26836.1675,63649.6652937775,NA,2.98579305788752,1.8139519831929
"19","Austria",1988,3430083.5,0.0942774678602692,4.62479942137934,2.01191582882578,0.909034175211885,158631.35,31184.0825,69014.4499369489,NA,3.05036180821512,1.57443761316422
"20","Austria",1989,3450257,0.588134370489815,4.32345728024124,2.51521074450683,1.32114675256166,149176.725,45598.665,86800.2463091704,NA,3.29763645732501,1.02582082291623
"21","Austria",1990,3527762,2.24635440200542,4.698004080967,2.81157984040536,1.57707181592096,165794.85,55621.5025,99167.1772866625,NA,3.63439314937019,1.06361093159681
"22","Austria",1991,3597560.25,1.97854191977803,5.14315260200449,2.54482509583153,1.37451338384395,185028.725,49447.5825,91549.3302946747,NA,3.61779267140508,1.52535993059941
"23","Austria",1992,3676115.5,2.18357010143194,5.25220731376051,2.31217419149476,1.20066309724426,193098.35,44125.8325,84982.9547618509,NA,3.48482685355486,1.76738046020565
"24","Austria",1993,3725342,1.33909013468157,5.96591977921332,1.91000375207041,0.883604029946113,222264.5,32906.085,71139.1861766184,NA,3.37563759352933,2.59028218568399
"25","Austria",1994,3837712.25,3.01637406713263,5.60077977789346,1.76661107621167,0.786860423117341,214940.575,30196.665,67796.0999369147,NA,3.14553645520902,2.45524332268444
"26","Austria",1995,3870636.25,0.857906947035959,5.57356199946664,1.58528335935794,0.645391903330088,215716.175,24986.165,61366.9930240048,NA,2.97248634817794,2.6010756512887
"27","Austria",1996,3838943.25,-0.818805952122213,6.00434867452552,1.41991387051655,0.506089850137586,230507.35,19430.5025,54511.9986502317,NA,2.91987293668345,3.08447573784207
"28","Austria",1997,3849186.25,0.266818218789767,6.06221261771818,1.40292130390915,0.494032918445358,233347.65,19018.5825,54003.740763356,NA,2.91630026407153,3.14591235364664
"29","Austria",1998,3854874,0.147764998381151,6.16868040688731,1.53121350567166,0.598958784256381,237793.9,23088.165,59025.0978276315,NA,3.07336407722841,3.0953163296589
"30","Austria",1999,3835475,-0.503233049899945,5.78097225675694,1.80058698589696,0.81402395885575,221742.475,31216.4175,69054.3472926785,NA,3.22632041362105,2.55465184313589
"31","Austria",2000,3849075.25,0.354591021972507,5.04824453871472,1.93124553294191,0.922196338671327,194313.675,35495.2475,74333.8896652274,NA,3.12240287512538,1.92584166358935
"32","Austria",2001,3875225,0.679377468653023,5.26024392305415,1.73303739831805,0.765889851647291,203883.175,29669.8325,67146.0543620763,NA,3.01930446343658,2.24093945961757
"33","Austria",2002,3865075,-0.261920275596901,6.0132097360979,1.53039495152812,0.599982578634995,232417.85,23188.9975,59149.5125522829,NA,3.03357640790602,2.97963332819188
"34","Austria",2003,3963200,2.53876056738873,6.05740346463567,1.44671150205973,0.54800841446545,240078.75,21716.4175,57332.5325584602,NA,2.96028972651409,3.09711373812158
"35","Austria",2004,3889999.75,-1.84699863746467,6.26980715884946,1.53911498043483,0.611127131677521,243879.725,23774.25,59871.6411183606,NA,3.1064375291679,3.16336962968156
"36","Austria",2005,3970925.25,2.0803471774002,6.36272699549807,1.58335031512185,0.659934916107085,252654.175,26208.5,62875.2019095996,NA,3.1740235968493,3.18870339864877
"37","Austria",2006,4037675.25,1.6809684342459,5.92484529876463,1.76166570279734,0.814785141874166,239173.675,32912.415,71146.9966068571,NA,3.23072697039129,2.69411832837333
"38","Austria",2007,4123950,2.13674316675171,5.38987744786218,1.88382639946006,0.926600691648059,222248.425,38213.9175,77688.3892508566,NA,3.18647037113751,2.20340707672467
"39","Austria",2008,4166050,1.02086591738503,5.09426093074775,1.84377912572051,0.90023118492546,212252.9,37497.9175,76804.9345824671,NA,3.06474990253467,2.02951102821309
"40","Austria",2009,4205074.75,0.936732636430192,6.18985074803201,1.52344295437311,0.646118258034707,260308.75,27165.25,64055.7120408589,NA,3.07081170225569,3.11903904577631
"41","Austria",2010,4220075,0.356717796752602,5.94297014392357,1.64088394381853,0.734678384724784,250782,31008.665,69272.9119113982,69272.9119113982,3.12277509400807,2.8201950499155
"42","Austria",2011,4246225,0.619657233579972,5.80975696398922,1.73527306939245,0.761001757393324,246702.025,32310.085,73673.2577425335,73673.2577425335,3.17514012278603,2.63461684120318
"43","Austria",2012,4293300.25,1.10863767228538,6.07069706111416,1.61577493732217,0.685350609184206,260643.25,29422.3325,69364.1616277762,69364.1616277762,3.13191317941983,2.93878388169432
"44","Austria",2013,4335850,0.991073242548084,6.6237962929142,1.49883270731508,0.608487718579614,287206.475,26382.915,64980.852738952,64980.852738952,3.15086694901772,3.47292934389649
"45","Austria",2014,4357499.75,0.499319625909568,7.32888112399016,1.4304666050733,0.604016744159872,319357.25,26320.0825,62331.659052866,62331.659052866,3.23785726992713,4.09102385406303
"46","Austria",2015,4400025,0.975909407682697,8.0526873355103,1.51299786485517,0.664503237300035,354331.575,29250.585,66570.4570890522,66570.4570890522,3.49051554143128,4.56217179407902
"47","Austria",2016,4490200,2.04942017374901,7.95784217287302,1.62205579823589,0.896868128939326,357312.775,40276.6675,72832.6295632875,72832.6295632875,3.59277943074089,4.36506274213214
"48","Austria",2017,4508025.5,0.396986771190593,7.54212566811896,2.16283380156384,1.26094471882847,339975.575,56853.5,97514.7723119889,97514.7723119889,4.03885680987207,3.50326885824689
"49","Austria",2018,4539074.75,0.688754977095848,6.87618976172966,2.64415406797819,1.57602155632526,312107.225,71544.8325,120039.363887988,120039.363887988,4.26400107066913,2.61218869106053
"50","Austria",2019,4559199.75,0.443372297404884,6.60924626929733,2.79850845557344,1.69092919457369,301327.85,77093.2525,127590.543372922,127590.543372922,4.30070128811521,2.30854498118212
"51","Austria",2020,4540300,-0.414540950964037,9.02552555837128,2.2539806981764,1.38371132228323,409639.425,62832.665,102358.577116579,102358.577116579,4.51036144887155,4.51516410949973
"52","Austria",2021,4589575,1.08528070832324,7.22781782487331,3.19556806053457,2.072027644339,331741.325,95087.075,146652.455834502,146652.455834502,4.8059321456433,2.42188567923001
"53","Austria",2022,4663550,1.61180501462554,5.64219249983988,4.42810933486729,2.69125449223364,263120.525,125503.425,206516.197166446,206516.197166446,4.9984242794764,0.643768220363483
"54","Finland",1970,2140013.75430655,NA,1.45717093509077,1.61018070010618,0.620142135578292,31186.0189436857,13270.835,34457.798131561,NA,1.53176646928924,-0.0745955341984716
"55","Finland",1971,2146510.56530602,0.303587347810325,1.98436378237522,1.58401517281316,0.546827876130214,42606.6045938196,11737.4175,34000.4394357375,NA,1.77292479808458,0.211438984290637
"56","Finland",1972,2148990.1640114,0.115517656677414,2.35678869764323,1.63802351128591,0.733463945285604,50643.4670319484,15763.335,35201.2137697286,NA,1.96480922683921,0.391979470804013
"57","Finland",1973,2193323.28973231,2.06297480850986,2.05800430097751,1.70072844232376,1.03919561633492,45085.5152615061,22822.9975,37306.8360376066,NA,1.87085714288854,0.187147158088967
"58","Finland",1974,2249158.86714078,2.5457066757947,1.30812827265497,1.7515397901261,1.32587237091772,29414.1148426741,29823.3325,39394.76322373,NA,1.51368382436495,-0.205555551709984
"59","Finland",1975,2252577.30226603,0.151987268449081,2.02479080725357,1.59990489011779,0.824272732117395,45704.4079586495,18539.165,36029.1357079011,NA,1.79985352570439,0.224937281549178
"60","Finland",1976,2355525.51746801,4.5702411676801,4.11346240241811,1.43716618485775,0.477188437384342,96899.7776811707,11240.00125,33852.0795485043,NA,2.43140475187473,1.68205765054338
"61","Finland",1977,2356041.64134668,0.0219111987895047,6.80026080276445,1.37553151195,0.271488852148923,160259.805729868,6393.33375,32406.507467261,NA,3.05842656012547,3.74183424263898
"62","Finland",1978,2356785.2585669,0.0315621425008055,8.45612280265242,1.36361233935241,0.232931274059816,199294.675603147,5490.5,32137.2273354995,NA,3.39571397452378,5.06040882812863
"63","Finland",1979,2384670.64193355,1.18319576487894,6.6864979162316,1.38291314354566,0.348313208014849,159387.114964075,8310.74975,32978.3979544317,NA,3.04086268230701,3.64563523392459
"64","Finland",1980,2430459.25273581,1.92012305586701,5.14852072129412,1.40497756276717,0.502953676368749,125139.896310987,12231.665,34147.8542083053,NA,2.68952711361311,2.458993607681
"65","Finland",1981,2471572.3112279,1.69157571540468,4.50432635160592,1.39146662810982,0.527719467521949,111352.1,13037.33,34388.1526877935,NA,2.5035214799109,2.00080487169501
"66","Finland",1982,2503633.65368409,1.29720430636558,5.27322906426325,1.35288284343179,0.451415709097044,132020.675,11300.9175,33870.2484924837,NA,2.67096632897676,2.60226273528648
"67","Finland",1983,2520106.58561249,0.657960956234955,5.5186439809035,1.35009373797198,0.468833275602685,139074.9,11815.8325,34023.8275750622,NA,2.72959460006693,2.78904938083657
"68","Finland",1984,2539691.47951398,0.777145459374789,5.23276444489563,1.34187631990916,0.472572450224482,132896.5,12002,34079.3540869253,NA,2.64985333485988,2.58291111003575
"69","Finland",1985,2561088.44840587,0.84250268445961,5.42869935306426,1.33337426727289,0.477702233591452,139038.75,12234.5825,34148.7243848848,NA,2.69044383367073,2.73825551939353
"70","Finland",1986,2563754.8697862,0.104112818984526,5.76572012877375,1.33435134972774,0.485154130185472,147818,12438.585,34209.5703823674,NA,2.77371527666083,2.99200485211292
"71","Finland",1987,2548215.52644972,-0.60611658000558,5.51199612005848,1.34240807413916,0.487815099012578,140457.975,12430.835,34207.2588593199,NA,2.72017427680474,2.79182184325374
"72","Finland",1988,2540344.83409349,-0.308870747962137,5.02317829987067,1.40438542403967,0.683201594966851,127599.85,17358.335,35676.9401259483,NA,2.65602680458815,2.36715149528253
"73","Finland",1989,2580009.22968057,1.56137840244163,4.00941558324699,1.53335637762445,1.17748534156205,103440.8525,30380.0025,39560.7961959662,NA,2.47948844625633,1.52992713699066
"74","Finland",1990,2580001.88272144,-0.000284764839031867,3.99969532192232,1.49335622225684,1.04335759467457,103163.7675,26925.7475,38530.5265128293,NA,2.44396601779245,1.55572930412987
"75","Finland",1991,2537126.07882166,-1.66185165161795,8.41304534487839,1.35930051389133,0.5268222283701,213200.75,13380.1675,34490.4077565399,NA,3.38169437718494,5.03135096769344
"76","Finland",1992,2488890.4058473,-1.90119337690758,14.5993952329968,1.30990059512765,0.283071381003956,363121.425,7051.4165,32602.7879116174,NA,4.37307174697675,10.22632348602
"77","Finland",1993,2465220.07788838,-0.951039382984075,19.5591400564289,1.3090100599045,0.2407707543349,482172.775,5935.16675,32269.8541020885,NA,5.05995168919096,14.499188367238
"78","Finland",1994,2452649.16843063,-0.509930515758357,20.150416107069,1.33311350714132,0.300280212007533,494247.325,7362.3335,32695.5223388881,NA,5.18293274959762,14.9674833574713
"79","Finland",1995,2472447.38653821,0.80721769596773,18.8498323067947,1.33381854744504,0.335902334404492,466013.425,8305.3335,32976.7824980825,NA,5.01420541532071,13.835626891474
"80","Finland",1996,2482208.60891267,0.394800003737466,18.0484523940095,1.35046283631171,0.408118911132548,447987,10131.4995,33521.4566655008,NA,4.93697925973474,13.1114731342748
"81","Finland",1997,2478958.89145594,-0.130920400689079,16.498197394741,1.39510190960899,0.552253255044708,408963.85,13690.3325,34582.9178915097,NA,4.79756883124248,11.7006285634986
"82","Finland",1998,2487325,0.337484763175982,14.9783801897086,1.42834622270419,0.677202462434878,372430.925,16842.2525,35523.0128236074,NA,4.62539866024514,10.3529815294635
"83","Finland",1999,2557250,2.8112530529786,13.6150881897907,1.36334599808431,0.572082562855273,348139.675,14627.9175,34862.5629671813,NA,4.30837277833711,9.30671541145362
"84","Finland",2000,2589224.75,1.2503568286245,12.403485108604,1.37514141313174,0.661094462066045,321118.5,17120.1675,35605.9040400894,NA,4.12995714747795,8.27352796112607
"85","Finland",2001,2604775.25,0.600585175157158,11.6010381775734,1.39578392815787,0.753903099190536,302176.85,19637.8325,36356.8254172879,NA,4.02399585464533,7.57704232292802
"86","Finland",2002,2609500,0.181388010347534,11.2652890325091,1.78276559169869,0.827448232268938,293968.95,21591.5825,46527.1986678575,46527.1986678575,4.48144727378309,6.78384175872602
"87","Finland",2003,2599650,-0.377466947691129,11.1110301809605,1.45614637111899,0.897054668603774,288843.325,23320.835,37840.6506263832,37840.6506263832,4.02234835356155,7.088681827399
"88","Finland",2004,2593450.25,-0.238484026695901,11.1206542885579,1.42767798839971,0.905276004018891,288401.825,23479.2475,37023.7035730708,37023.7035730708,3.98455936640137,7.13609492215653
"89","Finland",2005,2620525,1.04396643043374,10.5069303738519,1.57870803761953,1.11046377722466,275317.4,29101.75,41371.0597159748,41371.0597159748,4.07276017363026,6.43417020022162
"90","Finland",2006,2647850,1.0427299873117,9.36295877884642,1.82931614388241,1.29837014967301,247889.4,34384,48443.0648358043,48443.0648358043,4.13857604118244,5.22438273766398
"91","Finland",2007,2674949.75,1.02346243178428,8.06687338137362,1.96621056813501,1.52189503531918,215750.4,40713.6675,52596.5184527934,52596.5184527934,3.98260865442035,4.08426472695327
"92","Finland",2008,2703075,1.0514309661331,7.50561086196167,1.88903113755255,1.37828789893179,202891,37249.75,51047.5857330575,51047.5857330575,3.76541267653337,3.7401981854283
"93","Finland",2009,2678175,-0.921173108404317,9.88938083701317,1.25553455894713,1.00562273648257,264805.35,26937.2525,33624.3975151816,33624.3975151816,3.52369967611594,6.36568116089723
"94","Finland",2010,2671775,-0.238968700701037,9.91149333849921,1.56285495332811,1.07031146897073,264812.325,28596.4975,41757.9701496866,41757.9701496866,3.93576250032341,5.9757308381758
"95","Finland",2011,2682375.25,0.396749352022532,9.09198442321977,1.71864218969518,1.30748967615503,243876.075,35072.4175,46103.0084913906,46103.0084913906,3.95295687021714,5.13902755300263
"96","Finland",2012,2690124.75,0.288904395460702,9.41077263810192,1.70445944200142,1.3177433266823,253150.25,35449.0825,45847.9375253703,45847.9375253703,4.00503186997824,5.40574076812368
"97","Finland",2013,2675950.25,-0.526908649868375,10.9926813943761,1.06332866226326,1.26019700856704,294136.425,33722.585,28461.10229968,28461.10229968,3.41889356397185,7.57378783040426
"98","Finland",2014,2679300,0.125179830977799,12.1538426923974,1.02160811943215,1.29016305232743,325653.15,34567.4175,27369.3865979018,27369.3865979018,3.52370038125467,8.63014231114272
"99","Finland",2015,2688875,0.357369462172956,13.0860972032627,1.0491484060188,1.34399314267036,351872,36137.9175,28207.4571463595,28207.4571463595,3.70530134021649,9.38079586304622
"100","Finland",2016,2684875,-0.148761098972619,12.9900100674976,1.27674976390871,1.45989818038697,348766.85,39195.5825,34278.9475733576,34278.9475733576,4.0724675918722,8.91754247562545
"101","Finland",2017,2707075.25,0.826863448018995,11.2111513528484,1.51004376973902,1.64065814575244,303405.775,44426.1675,40894.4671886064,40894.4671886064,4.11452661335054,7.09662473949786
"102","Finland",2018,2741750,1.28089346611255,9.33256617596556,1.78061473542543,1.971841298148,255883.325,54060.8325,48818.4313007737,48818.4313007737,4.07648192100213,5.25608425496343
"103","Finland",2019,2749700,0.289960791465305,8.74199709656833,1.82353970578068,2.31237051110486,240378.85,63584.835,50142.0876297846,50142.0876297846,3.99266562754906,4.74933146901927
"104","Finland",2020,2740825.25,-0.322753391279049,12.5134446747954,1.57750966562488,2.0218475916391,342422.6,55425.335,43262.1065684338,43262.1065684338,4.44298097281003,8.07046370198538
"105","Finland",2021,2785250.5,1.62087130509324,10.7240484513245,2.16214608268655,2.79118179563239,298609.65,77798.0825,60263.5912661901,60263.5912661901,4.81528393239402,5.90876451893047
"106","Finland",2022,2830275,1.61653323462288,8.821455884191,2.44127740111091,3.41708985274239,249657.25,96693.425,69082.8577987573,69082.8577987573,4.64064875798334,4.18080712620766
"107","Germany",1970,34005672.5,NA,0.428106512993594,3.23301432358435,2.01074197301172,145583.325,683693.675,1099299.98559719,NA,1.17646695173644,-0.748360438742849
"108","Germany",1971,34234302.5,0.672329006285643,0.556467968325787,2.64343035999438,1.61425374534803,190500,552634.4,904968.67685122,NA,1.2128414248519,-0.656373456526108
"109","Germany",1972,34162292.5,-0.2103445805563,0.726681588928806,2.31164859949064,1.39014102954366,248250,474919.05,789734.362643765,NA,1.29608351479482,-0.569401925866019
"110","Germany",1973,34444172.5,0.825120269665743,0.821494893725363,2.33005630680682,1.40393692144348,283000,483546.075,802526.292545973,NA,1.38352063885378,-0.562025745128421
"111","Germany",1974,34270580,-0.503982204827246,1.77040744418877,1.40964248630176,0.782349148774839,606249.975,268229.35,483260.212643221,NA,1.57975996638521,0.190647477803561
"112","Germany",1975,33788347.5,-1.40713259011082,3.23364464159252,1.14554284605981,0.60183491536094,1092416.675,203382.675,387107.237429718,NA,1.92465022429426,1.30899441729826
"113","Germany",1976,33482197.5,-0.906081601060839,3.143952206903,1.15456872527131,0.606363149735376,1052666.5,203023.225,386574.254251467,NA,1.90523197848396,1.23872022841904
"114","Germany",1977,33392975,-0.266477431775498,3.08550394264213,1.14264025595818,0.597857986562836,1030333.25,199644.3,381564.071512363,NA,1.87766371184527,1.20784023079685
"115","Germany",1978,33556765,0.490492386497459,2.94791312444725,1.19890169640013,0.636643603371578,989166.575,213663.25,402351.008573813,NA,1.87996224582836,1.06795087861889
"116","Germany",1979,33877070,0.954516920805686,2.56446242946021,1.40968055793966,0.78042050111933,868666.675,264419.05,477610.39819312,NA,1.90133448619036,0.66312794326985
"117","Germany",1980,34231385,1.04588442861204,2.63150838156274,1.39470511691914,0.772084224827589,900916.75,264275.275,477397.212335691,NA,1.91577091662369,0.715737464939052
"118","Germany",1981,34349155,0.344041002138827,3.78497334246029,1.0031322376842,0.50858120689837,1300083.5,174697.75,344573.971344352,NA,1.94854529806141,1.83642804439888
"119","Germany",1982,34371535,0.0651544412082335,5.40796747383342,0.627296458294145,0.255222382048926,1858916.5,87708.3375,215588.316737547,NA,1.84184658506229,3.56612088877112
"120","Germany",1983,34335542.5,-0.104716009919254,6.6002296031212,0.532876337851749,0.191368480825538,2266250,65709.3575,182968.797253127,NA,1.87539493971055,4.72483466341065
"121","Germany",1984,34401735,0.192781284874121,6.58898714800412,0.579226760926886,0.222950230824569,2266749.75,76708.845,199278.553288402,NA,1.95359097139788,4.63539617660624
"122","Germany",1985,34662050,0.756691486635776,6.65102335924351,0.659071178329037,0.27805637357083,2305333.5,96407.2875,228486.895172502,NA,2.09368044421076,4.55734291503275
"123","Germany",1986,34930527.5,0.774557477125559,6.35719456107475,0.812698719226729,0.382943777194103,2220416.5,133791.15,283918.721158144,NA,2.27299007425474,4.08420448682
"124","Germany",1987,35189640,0.741793836351312,6.33639482587875,0.863745681205602,0.418586906605402,2229750.25,147306.875,303959.489183915,NA,2.33945157361,3.99694325226875
"125","Germany",1988,36877762.5,4.79721446425709,6.05540845272278,0.890642949904866,0.444231454266873,2233000.25,163842.025,328477.38263183,NA,2.32232789399169,3.73308055873109
"126","Germany",1989,37068155,0.516279966822824,5.47267696193474,1.11549595954062,0.596677324916639,2028500,221283.8,413650.563335307,NA,2.47077903482064,3.0018979271141
"127","Germany",1990,39101152.5,5.48448526774532,4.70724194470218,1.24682178447066,0.693337848369624,1840500,271105.025,487524.189277291,NA,2.42262085383345,2.28462109086873
"128","Germany",1991,39074997.5,-0.0668906114723856,4.33038360109395,1.41525662427216,0.806833295058356,1692000,315246.75,552976.399275818,NA,2.47560176060039,1.85478184049356
"129","Germany",1992,39004500,-0.180415878465507,7.6769978467464,1.379980561735,0.782776581845881,2994333.5,305325.65,538265.648379328,NA,3.25485910616596,4.42213874058043
"130","Germany",1993,39101750,0.24933020548911,8.81362769978282,1.12501602163723,0.611192834650221,3446666.75,238969.25,439874.091920075,NA,3.14888430575043,5.66474339403239
"131","Germany",1994,39074252.5,-0.07032293951038,9.45094908473342,1.1620886821222,0.636088882205056,3693083.5,248459,453945.248174923,NA,3.31403695916051,6.13691212557291
"132","Germany",1995,38979750,-0.241853634947975,9.29657817980405,1.27425422606196,0.711379230271729,3623916.5,277287.75,496691.774256426,NA,3.44183149406398,5.85474668574007
"133","Germany",1996,39142000,0.416241766558277,10.170947228161,1.2910227712566,0.723301419191156,3981250,283110.975,505326.301918603,NA,3.62366174977812,6.54728547838284
"134","Germany",1997,39415250,0.698099228450258,11.1661416790846,1.31932472316215,0.743409864522999,4401333.75,293032.1,520037.089884448,NA,3.83819837678405,7.32794330230057
"135","Germany",1998,39754000,0.859438922751981,10.7257688304814,1.57663520228411,0.918190153404702,4264083.5,364996.075,626743.41375441,NA,4.11225299680098,6.61351583368042
"136","Germany",1999,39375157.5,-0.952966997031745,10.3967850661814,1.70998330490519,1.00672640200196,4093750.25,396401.475,673310.529921433,NA,4.21643556666739,6.18034949951399
"137","Germany",2000,39300725,-0.189034164498263,9.87152636103308,1.92387703472344,1.15070116097856,3879500,452249.975,756121.243596596,NA,4.35793561949446,5.51359074153862
"138","Germany",2001,39455617.5,0.394121228043503,9.78615920388902,1.83380774021893,1.09053374844474,3861250,430250.025,723500.285821223,NA,4.23626421450626,5.54989498938276
"139","Germany",2002,39499430,0.111042489703779,10.3176815942995,1.61027317031953,0.939941736690169,4075500,371250,636016.572255014,NA,4.07606254260164,6.24161905169785
"140","Germany",2003,39591277.5,0.232528671932734,11.0695446460157,1.21147526002675,0.671326439369218,4382583.5,265750.025,479583.933554568,NA,3.6620321514713,7.40751249454435
"141","Germany",2004,39795710,0.516357422414571,11.0274698610811,0.982275062845404,0.517496222474808,4388667,205916.65,390864.550127194,NA,3.29120170315028,7.73626815793087
"142","Germany",2005,40932425,2.8563757249211,11.8723904156966,1.13282177268722,0.623055334132555,4859500.25,255083.325,463767.626231025,NA,3.66732904942332,8.20506136627328
"143","Germany",2006,41417725,1.185612628619,10.8254446539114,1.36681348683791,0.852957828286845,4483333.75,353333.35,566047.428550243,566047.428550243,3.84660418473015,6.97884046918129
"144","Germany",2007,41589625,0.41503969616873,9.03667498001935,1.36898618856382,1.0167330169202,3757916.75,422833.325,569445.819007266,569445.819007266,3.51725507152761,5.51941990849173
"145","Germany",2008,41677497.5,0.211284665346225,7.81704141678696,1.50688504302401,0.932606491077128,3257750.25,388666.65,627776.374796106,627776.374796106,3.43211054478954,4.38493087199743
"146","Germany",2009,41698877.5,0.0512986654249094,8.19324541118432,1.4066172127713,0.72283079839869,3416333.25,301416.65,586537.139899938,586537.139899938,3.39481369501057,4.79843171617375
"147","Germany",2010,40837225,-2.06636857311087,7.92151706409269,1.60257634817867,0.879086907869333,3234916.5,359000,654484.040818338,654484.040818338,3.56298132027221,4.35853574382049
"148","Germany",2011,41184677.5,0.850822992992301,7.21813664021273,2.05900393323095,1.13167761541076,2972416.75,466166.65,847946.541437084,847946.541437084,3.85514873030814,3.3629879099046
"149","Germany",2012,41350350,0.402267323812357,7.00253921103651,1.94404490097654,1.15551638654973,2895583.25,477750,803930.612955234,803930.612955234,3.68961388862084,3.31292532241567
"150","Germany",2013,41711525,0.873450889774815,7.06859521565993,1.89243482655204,1.09564379424341,2948417,457000,789402.702232538,789402.702232538,3.65743841519088,3.41115680046905
"151","Germany",2014,41959450,0.594380090394681,6.90086833670889,2.07118669533281,1.1679149374712,2895500,490083.35,869101.195959874,869101.195959874,3.78060665571478,3.12026168099411
"152","Germany",2015,42158325,0.473969511039825,6.62284193865977,2.19103880930657,1.34796330563345,2792000,568333.325,923774.720448447,923774.720448447,3.80931801186337,2.8135239267964
"153","Germany",2016,43039172.5,2.08937973697959,6.24628179378845,2.26493968715931,1.52225067225966,2688333.25,655166.675,974797.680611032,974797.680611032,3.76130981599922,2.48497197778923
"154","Germany",2017,43282625,0.565653301071251,5.84624375984217,2.54518997139674,1.686702257023,2530333.25,730083.325,1101680.50451331,1101680.50451331,3.85743450856798,1.98880925127419
"155","Germany",2018,43380675,0.226534319487323,5.38951416342905,2.8976698152845,1.83529873757067,2338000,796166.65,1257032.91044475,1257032.91044475,3.95183913012873,1.43767503330031
"156","Germany",2019,43771372.5,0.900625681827219,5.17688316979685,3.11112142314999,1.76984451686057,2266000,774583.325,1361705.46339155,1361705.46339155,4.0132171801062,1.16366598969064
"157","Germany",2020,43516875,-0.581424537236067,6.20696956404326,2.39250695979776,1.41263321462686,2700166.75,614916.675,1041370.34246428,1041370.34246428,3.85359804354662,2.35337152049664
"158","Germany",2021,42960625,-1.27823976331021,6.07430833002864,3.10571896352657,1.6391972737259,2609333.5,704333.325,1334466.4755025,1334466.4755025,4.3433966628524,1.73091166717624
"159","Germany",2022,43905150,2.19858300478636,5.50851581797874,4.21980618035552,1.9241960530053,2418833.5,844749.975,1852942.41413213,1852942.41413213,4.82129330089892,0.687222517079816
"160","Sweden",1970,3851852.37788994,NA,1.86194498611467,1.99896525428204,1.61697121443435,71740.5003489214,62241.3325,76959.4720698215,NA,1.92923905533448,-0.0672940692198123
"161","Sweden",1971,3895791.15385223,1.14071806631293,3.07386936449249,1.38299928115215,0.923544171189451,119771.601941944,35972.9975,53873.1232114886,NA,2.06183392188817,1.01203544260432
"162","Sweden",1972,3908949.87993741,0.337767748976183,3.32686393978115,1.28168278550728,0.810452803109712,130044.797164557,31680.1675,50100.30049663,NA,2.06494170410267,1.26192223567848
"163","Sweden",1973,3926358.32239671,0.445348315890317,3.05634637672732,1.35718491464145,0.899227059919474,119983.223493786,35318.4975,53297.9053559306,NA,2.03667061559138,1.01967576113593
"164","Sweden",1974,3989191.2338599,1.60028469904992,2.41109892318942,1.63383948276497,1.22416044059669,96135.1325230885,48855.665,65195.2628191534,NA,1.98477923647921,0.426319686710213
"165","Sweden",1975,4080488.61706489,2.28861886665312,1.9947185365329,1.62895711438668,1.23281199590151,81414.752326947,50281.92,66448.7499735902,NA,1.80258451987258,0.192134016660318
"166","Sweden",1976,4122031.82822941,1.01809403390536,1.94059577888504,1.52983911448047,1.12630145127985,79996.3359512786,46428.5,63062.1098071054,NA,1.72302040844966,0.217575370435382
"167","Sweden",1977,4151026.1632124,0.703399104888453,2.23443064939878,1.34181393525822,0.916652833396193,92767.0433020516,38043.835,55693.1120670411,NA,1.73152827950668,0.502902369892101
"168","Sweden",1978,4184153.77653638,0.798058408245374,2.81957985667982,1.25885364039122,0.827086196223533,117975.828994468,34609.585,52674.8661992794,NA,1.88399532031137,0.935584536368446
"169","Sweden",1979,4237879.26400637,1.28402277591393,2.5974570285863,1.55050419795024,1.16660111101366,110048.291977546,49462.0825,65728.2225959645,NA,2.00683034330718,0.59062668527912
"170","Sweden",1980,4280255.91524222,0.999949469910012,2.502342196716,1.62814754749143,1.26087187610741,107119.718972318,53960.6675,69681.876403062,NA,2.01846038122314,0.483881815492853
"171","Sweden",1981,4312968.08017525,0.764257221549251,3.17891670057683,1.12813434736384,0.69643137775122,137115.849670975,30032.75,48652.4411206808,NA,1.89373839727911,1.28517830329772
"172","Sweden",1982,4326381.90452584,0.31101144504753,3.9649797476719,0.918092861719184,0.459258892074772,171550.986054654,19866.6675,39717.8159486784,NA,1.90793595364171,2.05704379403019
"173","Sweden",1983,4352859.02404785,0.611992193622705,4.36848254478722,0.931283486006893,0.477829850735906,190156.720271757,20800,40538.0902331285,NA,2.01700164919856,2.35148089558866
"174","Sweden",1984,4377273.89932214,0.560892855463784,3.91771296410068,1.0912247793156,0.663054752932221,171472.922652712,29033.335,47774.0891678734,NA,2.06763281669465,1.85008014740603
"175","Sweden",1985,4412537.95222514,0.805616776881681,3.58993994657871,1.22839034154933,0.823754591494929,158396.82799061,36350.0025,54204.4601215492,NA,2.09996370376238,1.48997624281633
"176","Sweden",1986,4434715.73147642,0.5026082379664,3.36662779005493,1.27480687038758,0.879439767372152,149296.874023165,38999.9975,56533.4508643137,NA,2.07166605339755,1.29496173665738
"177","Sweden",1987,4458039.53569883,0.525936849951087,2.88140580977302,1.40879574221261,1.03488093591079,128435.758839747,46141.6675,62810.0224494976,NA,2.01477349505966,0.866632314713363
"178","Sweden",1988,4505274.51479314,1.05954598912962,2.45207843301562,1.51048705284598,1.15654403225671,110461.737495234,52108.3325,68053.9219852239,NA,1.92453441788734,0.527544015128282
"179","Sweden",1989,4558175.25309885,1.1741956706967,2.17478256276285,1.45135268903985,1.09577703294614,99131.2870580806,49950,66157.0367411734,NA,1.77661940790447,0.398163154858378
"180","Sweden",1990,4611589.33733005,1.17183042040545,2.39570859975304,1.27424083944164,0.90069799123243,110504.599957957,41525,58752.5899373902,NA,1.7472005429277,0.648508056825338
"181","Sweden",1991,4589708.75456357,-0.474469454367028,3.88155189552489,0.83979291651983,0.40374378619566,178034.015439237,18550,38560.6415318214,NA,1.80546387030201,2.07608802522288
"182","Sweden",1992,4517042.8590858,-1.58323543744525,6.5625972120791,0.69821905607526,0.233771124338835,296241.646135619,10566.6665,31544.3604377431,NA,2.14059114050769,4.42200607157142
"183","Sweden",1993,4431503.89730508,-1.89369382689508,10.2187206881948,0.673175591830021,0.194465617222633,452708.03312546,8616.667,29830.57200271,NA,2.62278351127598,7.59593717691877
"184","Sweden",1994,4416527.45916179,-0.33795385246975,10.557260799106,0.739393675705649,0.267877825961373,466248.935759907,11833.33425,32657.5917698431,NA,2.79391694000272,7.7633438591033
"185","Sweden",1995,4451386.92211884,0.789295736964722,9.9878078925127,0.795513289770487,0.336222012469044,444591.492764963,14966.665,35411.3699131111,NA,2.8187646077969,7.1690432847158
"186","Sweden",1996,4464469.18365315,0.293891808624959,10.7554130925103,0.774971631553131,0.314518802368126,480168.052804241,14041.665,34598.4187803515,NA,2.88706425843462,7.86834883407568
"187","Sweden",1997,4433014.29369532,-0.704560579631647,10.9906880557384,0.822410785124601,0.364463777601745,487306.539630677,16150,36451.3629170939,NA,3.00646975587305,7.9842182998653
"188","Sweden",1998,4421328.04695898,-0.263618521441668,9.29499990920052,0.962014879883226,0.521802801403587,410911.801731491,23074.9975,42537.508389507,NA,2.99030570697448,6.30469420222604
"189","Sweden",1999,4453067.70342402,0.717876079945278,7.9486957774127,1.00851577168291,0.578800057945419,353954.998287299,25775.0025,44910.451225406,NA,2.8313221391834,5.11737363822931
"190","Sweden",2000,4487320.97782742,0.769206234548464,6.66834981410705,1.18350284314684,0.782237435048025,299166.389381268,35108.3325,53113.1984642372,NA,2.80927231931926,3.85907749478779
"191","Sweden",2001,4531298.17360206,0.980032317544017,5.87231204405242,1.52251747849334,0.603594801082673,266095.162257946,27350,68984.3025933855,68984.3025933855,2.99009995254954,2.88221209150287
"192","Sweden",2002,4544664.95933224,0.29498799721568,5.99625662888268,1.19591705150665,0.642705874376112,272515.341286819,29209.085,54348.1276415389,54348.1276415389,2.67787705985367,3.318379569029
"193","Sweden",2003,4564434.7168309,0.435010230139617,6.64275765754944,0.968701486279976,0.553573105908717,303225.642798105,25263,44210.1301136492,44210.1301136492,2.53670045844318,4.10605719910626
"194","Sweden",2004,4582931.5189274,0.40523752105151,7.44908017533398,0.82308515122535,0.455166524503174,341387.904782841,20859.42,37722.1798944199,37722.1798944199,2.47613151561151,4.97294865972248
"195","Sweden",2005,4615070.36551428,0.701272677851428,7.66996064056062,0.90983159904671,0.484127745456786,353986.909953542,22348.415,42002.1939938648,42002.1939938648,2.64166094611451,5.02829969444611
"196","Sweden",2006,4671153.42729565,1.21521574623094,7.07774356233919,1.00706342825153,0.693643693891518,330555.704063704,32414.8325,47043.3521203122,47043.3521203122,2.66978214395379,4.4079614183854
"197","Sweden",2007,4736214.44747163,1.39282558769751,6.16523666061884,1.15971546109923,0.893174642600943,291972.411220628,42312.665,54932.7668226515,54932.7668226515,2.67393348396243,3.49130317665641
"198","Sweden",2008,4778519.42955314,0.893223534337417,6.15498152686355,1.02664529740871,0.794898100061681,294134.972639806,37980.4125,49055.3225104463,49055.3225104463,2.51375870763125,3.6412228192323
"199","Sweden",2009,4783848.22716517,0.111515662761054,8.40133452053125,0.702962930177003,0.564296185333572,401899.452009285,26995.75,33630.1500956706,33630.1500956706,2.43019067810529,5.97114384242596
"200","Sweden",2010,4811663.03749488,0.581431705374094,8.67120085451411,1.04673384999776,0.691032293789056,417184.174131542,33263.9975,50386.1950983056,50386.1950983056,3.01271297248002,5.65848788203409
"201","Sweden",2011,4871565.31932244,1.24493925199587,7.86030646155333,1.32034427736728,0.928904388739988,382913.623979512,45255.9175,64323.5813963421,64323.5813963421,3.22153855399326,4.63876790756007
"202","Sweden",2012,4895785.35848715,0.497171598390596,8.04183826787196,1.33155248593794,0.947922804374384,393735.336968541,46406.8325,65181.9884264089,65181.9884264089,3.27232787738266,4.7695103904893
"203","Sweden",2013,4947988.80272722,1.06629356512881,8.14745384135115,1.26046595826218,0.971416170807043,403127.80623749,48065.165,62369.8815947682,62369.8815947682,3.20461982355716,4.94283401779399
"204","Sweden",2014,4987991.08886381,0.808455470120299,8.02464336397172,1.4048625101313,1.07463602601757,400257.524374296,53612.25,70076.2235325355,70076.2235325355,3.35760638241259,4.66703698155913
"205","Sweden",2015,5028779.27835405,0.817727793886971,7.50435233896882,1.65955806050162,1.4495234335263,377344.829430184,72913.165,83470.9642695914,83470.9642695914,3.52900955127355,3.97534278769527
"206","Sweden",2016,5084584.36720485,1.10971442097301,6.99031015853116,1.93130147532004,1.86295471410985,355418.781791422,94728.5,98213.5272892245,98213.5272892245,3.67428854638771,3.31602161214346
"207","Sweden",2017,5168147.90674919,1.64346844322857,6.70956596779341,2.15391484293409,1.94333954603583,346751.76727492,100445.9225,111331.616847174,111331.616847174,3.80155675055307,2.90800921724034
"208","Sweden",2018,5233706.71018979,1.26851639356104,6.37580124105922,2.28108772051411,2.05951085866902,333708.751350362,107790.6,119386.443904428,119386.443904428,3.81362844538097,2.56217279567825
"209","Sweden",2019,5286729.80745601,1.01310792144662,6.83859961769535,2.20995878293807,1.90345825270839,361559.891310713,100624,116828.582238088,116828.582238088,3.88754720718898,2.95105241050638
"210","Sweden",2020,5301296.66285871,0.275536218668923,8.43921954498798,1.66045791859901,1.56009566903476,447420.149294725,82708.835,88026.2194897538,88026.2194897538,3.7433900304765,4.69582951451148
"211","Sweden",2021,5307103.24046132,0.109531270779216,8.90107234408963,2.29803286237528,2.06625058323079,472263.118742125,109732.765,122044.681796813,122044.681796813,4.52271563964591,4.37835670444372
"212","Sweden",2022,5384598.66153505,1.46022071858166,7.40172485174228,3.00569412704298,2.98826182554826,398502.815352354,160918.925,161852.381751149,161852.381751149,4.71670657523551,2.68501827650677
"213","United Kingdom",1970,NA,NA,NA,NA,NA,602241.675,188141.675,190981.194322551,NA,NA,NA
"214","United Kingdom",1971,25564750,NA,2.53877238455614,0.523992899182016,0.512087898923848,648958.325,130925,133968.438774259,NA,1.15338575600135,1.38538662855479
"215","United Kingdom",1972,25695000,0.50949060718372,2.79965991578866,0.58461087743763,0.57299253177187,719316.65,147258.325,150243.552026048,NA,1.27934031434023,1.52031960144842
"216","United Kingdom",1973,25911250,0.841603424790815,1.97333449522255,1.19301388170667,1.18368606282226,511341.65,306691.65,309108.65882361,NA,1.53434528253947,0.438989212683078
"217","United Kingdom",1974,25978500,0.259539775194172,1.97872360169916,1.16391937839361,1.15452263914397,514091.675,299916.675,302357.829742389,NA,1.51758846348489,0.461135138214264
"218","United Kingdom",1975,26106750,0.493677464056816,3.02290202782753,0.593476898656904,0.582106444939402,789475.025,151900,154868.684159463,NA,1.33941125888158,1.68349076894595
"219","United Kingdom",1976,26199500,0.355272103957789,4.12949994083446,0.478175047111543,0.466440022850877,1081916.75,122208.35,125282.854796337,NA,1.40521309015951,2.72428685067495
"220","United Kingdom",1977,26279250,0.304395122044314,4.37744824903543,0.599973032255034,0.588714430525309,1150400,154716.675,157675.320568062,NA,1.62060201761977,2.75684623141566
"221","United Kingdom",1978,26393500,0.434753655450593,4.29353893746596,0.807183670663139,0.79672419629168,1133166.75,210316.65,213077.138013171,NA,1.86163221923099,2.43190671823498
"222","United Kingdom",1979,26626750,0.883740314850247,3.99497557855091,0.916097881074398,0.906144800286192,1063650,241266.675,243916.857544908,NA,1.9130574122212,2.08191816632972
"223","United Kingdom",1980,26919250,1.09851934614626,5.01633054942705,0.510242351612188,0.498981404161477,1350991.75,134216.66,137248.367342777,NA,1.59985758616313,3.41647296326392
"224","United Kingdom",1981,27039250,0.445777649823082,7.96119256148586,0.34867714164782,0.336896475700951,2152441.75,91083.34,94268.7739087607,NA,1.66609899659257,6.29509356489329
"225","United Kingdom",1982,26825250,-0.791442070323696,9.40217524382416,0.436029626569571,0.424457388446812,2521883.5,113858.325,116962.589171899,NA,2.02475355549912,7.37742168832505
"226","United Kingdom",1983,26856000,0.11463080493192,10.2836436992754,0.522421541288555,0.511172702874133,2761858.5,137333.325,140353.924591095,NA,2.31784317662731,7.9658005226481
"227","United Kingdom",1984,27526250,2.49571790288948,10.4905274628938,0.556340652699259,0.545533082192102,2887750,150166.675,153141.536706194,NA,2.41584496519661,8.07468249769714
"228","United Kingdom",1985,27743250,0.788338404250488,10.8034747961613,0.594759339163304,0.584189439297651,2997249.75,162075,165007.420597815,NA,2.53485059331558,8.26862420284577
"229","United Kingdom",1986,27906000,0.586629180070828,10.9893078829614,0.686558389571348,0.676390815894032,3066633.5,188791.675,191628.87773139,NA,2.74678021010595,8.24252767285547
"230","United Kingdom",1987,28178750,0.977388375259801,9.86629789836124,0.844576491552824,0.835096206860738,2779616.5,235375,238046.180394497,NA,2.88666646213464,6.9796314362266
"231","United Kingdom",1988,28515250,1.19416226766624,7.90310677961171,0.881211145814636,0.872009459397094,2253116.5,248641.65,251265.548234287,NA,2.63899711647381,5.26410966313791
"232","United Kingdom",1989,28830750,1.10642550915738,6.13297718920419,0.770866321656039,0.761405238664309,1768016.75,219508.35,222236.078919353,NA,2.17432876231775,3.95864842688644
"233","United Kingdom",1990,28924250,0.324306513011281,5.69816984698649,0.610321924893134,0.600326142183818,1648133.5,173641.675,176532.872125391,NA,1.86486406726625,3.83330577972025
"234","United Kingdom",1991,28692250,-0.802095127790695,7.90702236175662,0.421608361159858,0.410838909020449,2267841.75,117908.325,120998.155026968,NA,1.82583316313253,6.08118919862408
"235","United Kingdom",1992,28361000,-1.15449293798848,9.66770075870883,0.423818119833732,0.412913308568287,2741550,117108.35,120201.03112699,NA,2.02419039585488,7.64351036285395
"236","United Kingdom",1993,28232000,-0.454849970029266,10.1891700559633,0.463661654822867,0.45284267342953,2876641.5,127841.675,130896.102702635,NA,2.1735518050922,8.01561825087114
"237","United Kingdom",1994,28179750,-0.185073675262114,9.22105697065792,0.571106758645901,0.560648940486185,2598583.5,157975.025,160922.057852967,NA,2.29482198826001,6.92623498239791
"238","United Kingdom",1995,28254500,0.265261402248068,8.10415585609235,0.653931868742556,0.643803315664495,2289658.5,181908.35,184770.084808095,NA,2.30207857892718,5.80207727716517
"239","United Kingdom",1996,28355750,0.358349997345556,7.36236046053606,0.802507218956279,0.792954635784578,2087491.5,224883.325,227591.897581538,NA,2.43070924179311,4.93165121874294
"240","United Kingdom",1997,28513000,0.554561244192095,5.5572566274355,1.00231589125237,0.993546495247668,1584491.5,283291.675,285792.081016334,NA,2.36011157139788,3.19714505603763
"241","United Kingdom",1998,28583500,0.247255637779259,4.71544064849279,1.04356149755027,1.03496998801739,1347758.25,295850,298305.648316793,NA,2.21829941729031,2.49714123120247
"242","United Kingdom",1999,28895000,1.08978956390925,4.31973274892632,1.09575631435812,1.08748439487166,1248058.5,314266.675,316656.68653751,NA,2.17563196243656,2.14410078648976
"243","United Kingdom",2000,29070250,0.606506315971621,3.74411070673243,1.24008304056208,1.23240091026005,1088400,358266.675,360499.871135791,NA,2.15476406815359,1.58934663857884
"244","United Kingdom",2001,29200500,0.448052562327465,3.32180734114337,2.0085136538819,1.91771996731177,969941.675,560166.675,586643.539014342,NA,2.58300123891793,0.738806102225435
"245","United Kingdom",2002,29472750,0.932347048851903,3.21206882742892,2.0757298796211,2.07517475081854,946650,611583.325,611749.846404711,611749.846404711,2.58212843222287,0.629940395206054
"246","United Kingdom",2003,29711000,0.808373836849293,3.14047911443401,2.00089170110435,1.99867102646332,933050.025,593833.35,594500.036246559,594500.036246559,2.50674262690898,0.633736487525023
"247","United Kingdom",2004,29953750,0.817037460873077,2.84903441123013,2.15157645756475,2.15435884923642,853341.675,645333.325,644500.072853912,644500.072853912,2.47586658889259,0.373167822337545
"248","United Kingdom",2005,30313750,1.20185285648708,2.84260740165579,2.07347400842866,2.07183908446776,861775,628000,628500.228367868,628500.228367868,2.42777111019556,0.414836291460223
"249","United Kingdom",2006,30808500,1.63209764545792,3.06693036660252,1.97340721004522,1.97911904581697,944900,609750,608000.316827579,608000.316827579,2.46014278003535,0.606787586567177
"250","United Kingdom",2007,31032500,0.727072074265219,2.78605241470398,2.15080854793828,2.14919098902768,864466.675,667000,667500.249459688,667500.249459688,2.44791040451839,0.338142010185588
"251","United Kingdom",2008,31414750,1.23177314106179,2.88334053072629,1.98606385226344,1.98470680137177,906083.425,623333.35,623750.181821027,623750.181821027,2.39301032213435,0.490330208591934
"252","United Kingdom",2009,31559000,0.459179207219539,4.84094486584226,1.41240375402374,1.41583675731115,1527683.25,446833.325,445750.435179751,445750.435179751,2.61483626667857,2.22610859916369
"253","United Kingdom",2010,31725250,0.526791089704997,4.71730755787427,1.48546243256168,1.48754210152516,1496358.25,471916.675,471250.254595065,471250.254595065,2.64714622944436,2.0701613284299
"254","United Kingdom",2011,31971000,0.774619585346057,4.79924506555147,1.46384971138681,1.46410839474741,1534408.25,468083.325,468000.185041012,468000.185041012,2.65054211513081,2.14870295042067
"255","United Kingdom",2012,32267500,0.927402958931532,4.91408452000043,1.49596632235005,1.49468210931628,1585575,482333.35,482750.167931678,482750.167931678,2.71132900015884,2.20275551984158
"256","United Kingdom",2013,32517250,0.773998605407918,4.37174729420123,1.66122615866493,1.65993112532912,1421224.75,539833.35,540250.178978264,540250.178978264,2.69489535310738,1.67685194109386
"257","United Kingdom",2014,32779500,0.806495014184779,3.16114451131949,2.03777896255709,2.03980865862337,1036116.675,668666.7,667999.989204192,667999.989204192,2.5380531481373,0.62309136318219
"258","United Kingdom",2015,33065250,0.871733858051526,2.41333025838573,2.22738480035477,2.22711961486393,797908.35,736416.675,736499.962310146,736499.962310146,2.31849415262679,0.0948361057589402
"259","United Kingdom",2016,33377250,0.943588813028784,2.31534388562305,2.24929000822049,2.25076314199809,772808.35,751250.025,750749.929380197,750749.929380197,2.282077971395,0.0332659142280471
"260","United Kingdom",2017,33533000,0.466635208113311,2.37134398039962,2.36924916722558,2.37148835025167,795200,795250.025,794499.862860976,794499.862860976,2.37029634239418,0.00104763800544783
"261","United Kingdom",2018,33819500,0.85438225032058,2.6622445735128,2.47707078917901,2.47727500862516,900466.675,837833.325,837749.917687406,837749.917687406,2.56798914847764,0.0942554250351679
"262","United Kingdom",2019,34104000,0.84123065095581,3.32168323313521,2.41771524780713,2.41525082811713,1132958.25,823666.65,824499.977244834,824499.977244834,2.83388147266894,0.487801760466269
"263","United Kingdom",2020,34060250,-0.128284072249589,6.59459364823694,1.6209580217473,1.62489765594411,2243125.25,553999.975,552775.086705828,NA,3.26948917635056,3.32510447188638
"264","United Kingdom",2021,33931250,-0.37874061405891,6.72026219596891,2.84723118648258,2.84703332023665,2279858.25,966416.825,966482.582270387,NA,4.37425880643825,2.34600338953066
"265","United Kingdom",2022,34005750,0.219561613556824,4.67832902341011,3.64860275928374,3.6512939173921,1590749.75,1241583.25,1240668.31787321,NA,4.13150870550352,0.546820317906594
"266","United States",1969,80705083.3333333,2.53418384902455,3.49166666666667,4.85286148,4.85286148,NA,NA,NA,NA,4.11637882946488,-0.624712162798214
"267","United States",1970,82796083.3333333,2.5909148638923,4.98333333333333,3.65000177333333,3.65000177333333,NA,NA,NA,NA,4.26487696232585,0.718456371007482
"268","United States",1971,84376166.6666667,1.90840347721771,5.95,3.184062095,3.184062095,NA,NA,NA,NA,4.35260490571451,1.59739509428549
"269","United States",1972,87011000,3.12272225371694,5.6,3.82339195833333,3.82339195833333,NA,NA,NA,NA,4.62720163453751,0.972798365462485
"270","United States",1973,89410666.6666667,2.75788884930262,4.85833333333333,4.57134732166667,4.57134732166667,NA,NA,NA,NA,4.71265626489958,0.145677068433754
"271","United States",1974,91975916.6666667,2.86906483939276,5.64166666666667,3.8840193375,3.8840193375,NA,NA,NA,NA,4.68106210480725,0.960604561859417
"272","United States",1975,93769833.3333333,1.95041999218991,8.475,2.77613989666667,2.77613989666667,NA,NA,NA,NA,4.85054487910895,3.62445512089105
"273","United States",1976,96150666.6666667,2.53901841210489,7.7,3.20124207833333,3.20124207833333,NA,NA,NA,NA,4.96483272660486,2.73516727339514
"274","United States",1977,98984166.6666667,2.94693744539819,7.05,3.85238056666667,3.85238056666667,NA,NA,NA,NA,5.21145689754794,1.83854310245206
"275","United States",1978,102233250,3.28242732423532,6.06666666666667,4.72099509833333,4.72099509833333,NA,NA,NA,NA,5.35170100029472,0.714965666371945
"276","United States",1979,104960583.333333,2.66775567961793,5.85,4.8542529375,4.8542529375,NA,NA,NA,NA,5.328919185386,0.521080814613999
"277","United States",1980,106974000,1.9182597911759,7.175,3.89871357916667,3.89871357916667,NA,NA,NA,NA,5.28897626488538,1.88602373511462
"278","United States",1981,108675916.666667,1.59096291310692,7.61666666666667,3.54614550083333,3.54614550083333,NA,NA,NA,NA,5.19709613451081,2.41957053215586
"279","United States",1982,110244083.333333,1.44297532955339,9.70833333333333,2.54079067666667,2.54079067666667,NA,NA,NA,NA,4.96657254243866,4.74176079089467
"280","United States",1983,111515416.666667,1.15319869773873,9.6,2.79982711833333,2.79982711833333,NA,NA,NA,NA,5.1844324989337,4.4155675010663
"281","United States",1984,113531833.333333,1.80819542888255,7.50833333333333,3.774856315,3.774856315,NA,NA,NA,NA,5.32380310477936,2.18453022855397
"282","United States",1985,115467416.666667,1.7048815970857,7.19166666666667,3.95771012666667,3.95771012666667,NA,NA,NA,NA,5.3350287716448,1.85663789502187
"283","United States",1986,117845583.333333,2.05959978608626,7,3.90246230166667,3.90246230166667,NA,NA,NA,NA,5.22658933834166,1.77341066165834
"284","United States",1987,119852833.333333,1.70328827201133,6.175,4.16682455333333,4.16682455333333,NA,NA,NA,NA,5.07248870051312,1.10251129948688
"285","United States",1988,121670666.666667,1.51672120114029,5.49166666666667,4.22853867416667,4.22853867416667,NA,NA,NA,NA,4.81889249575377,0.672774170912902
"286","United States",1989,123850666.666667,1.7917219159918,5.25833333333333,3.95601911166667,3.95601911166667,NA,NA,NA,NA,4.56092832241207,0.697405010921262
"287","United States",1990,125856666.666667,1.61969253294289,5.61666666666667,3.3301323075,3.3301323075,NA,NA,NA,NA,4.32484024295985,1.29182642370682
"288","United States",1991,126352416.666667,0.393900468787244,6.85,2.45306153833333,2.45306153833333,NA,NA,NA,NA,4.09920376873159,2.7507962312684
"289","United States",1992,128099083.333333,1.38237693646487,7.49166666666667,2.43889890833333,2.43889890833333,NA,NA,NA,NA,4.2745078845325,3.21715878213417
"290","United States",1993,129185333.333333,0.847976403682308,6.90833333333333,2.68577440666667,2.68577440666667,NA,NA,NA,NA,4.30746153312933,2.600871800204
"291","United States",1994,131046666.666667,1.44082403575277,6.1,3.162532165,3.162532165,NA,NA,NA,NA,4.39220288767493,1.70779711232507
"292","United States",1995,132315166.666667,0.967975784707735,5.59166666666667,3.23919849083333,3.23919849083333,NA,NA,NA,NA,4.2558804292308,1.33578623743587
"293","United States",1996,133951250,1.23650475946924,5.40833333333333,3.24048484333333,3.24048484333333,NA,NA,NA,NA,4.18636145051536,1.22197188281797
"294","United States",1997,136301000,1.75418295835239,4.94166666666667,3.45680647666667,3.45680647666667,NA,NA,NA,NA,4.1330842404748,0.808582426191871
"295","United States",1998,137679833.333333,1.01160911022882,4.5,3.67125449416667,3.67125449416667,NA,NA,NA,NA,4.06455965926815,0.435440340731851
"296","United States",1999,139379916.666667,1.23480926158445,4.21666666666667,3.75876158,3.75876158,NA,NA,NA,NA,3.98113610196051,0.235530564706158
"297","United States",2000,142585750,2.30006833839618,3.96666666666667,3.69851411083333,3.69851411083333,NA,NA,NA,NA,3.83024446212496,0.136422204541715
"298","United States",2001,143768916.666667,0.829793066044127,4.74166666666667,2.97534773833333,2.97534773833333,NA,NA,NA,NA,3.75607603658355,0.985590630083116
"299","United States",2002,144856083.333333,0.756190344806314,5.78333333333333,2.371354,2.371354,NA,NA,NA,NA,3.70328646384982,2.08004686948351
"300","United States",2003,146499500,1.13451684516783,5.99166666666667,2.2394455575,2.2394455575,NA,NA,NA,NA,3.66306037333368,2.32860629333299
"301","United States",2004,147379583.333333,0.600741526990185,5.54166666666667,2.42729698833333,2.42729698833333,NA,NA,NA,NA,3.66759741661312,1.87406925005355
"302","United States",2005,149289166.666667,1.29569054962997,5.08333333333333,2.71717922833333,2.71717922833333,NA,NA,NA,NA,3.71649401237615,1.36683932095718
"303","United States",2006,151408833.333333,1.41983957308755,4.60833333333333,2.90385741,2.90385741,NA,NA,NA,NA,3.65813379986982,0.950199533463512
"304","United States",2007,153123083.333333,1.13219946436415,4.61666666666667,2.93314148416667,2.93314148416667,NA,NA,NA,NA,3.67985550240352,0.936811164263149
"305","United States",2008,154321583.333333,0.782703674658242,5.8,2.37418111833333,2.37418111833333,NA,NA,NA,NA,3.71082881393541,2.08917118606459
"306","United States",2009,154188500,-0.0862376671223798,9.28333333333333,1.58884864166667,1.58884864166667,NA,NA,NA,NA,3.84054834064168,5.44278499269165
"307","United States",2010,153885250,-0.196674849291614,9.60833333333333,1.84707365583333,1.84707365583333,NA,NA,NA,NA,4.21275436934854,5.39557896398479
"308","United States",2011,153623666.666667,-0.169985968982073,8.93333333333333,2.10726065666667,2.10726065666667,NA,NA,NA,NA,4.33876271144462,4.59457062188871
"309","United States",2012,154973833.333333,0.878879339337451,8.075,2.36093543583333,2.36093543583333,NA,NA,NA,NA,4.36629747547669,3.70870252452331
"310","United States",2013,155397500,0.273379484493844,7.35833333333333,2.513941665,2.513941665,NA,NA,NA,NA,4.30097904570866,3.05735428762467
"311","United States",2014,155920250,0.336395373155939,6.175,2.92726741166667,2.92726741166667,NA,NA,NA,NA,4.25157338723462,1.92342661276538
"312","United States",2015,157138083.333333,0.781061685915066,5.26666666666667,3.415062325,3.415062325,NA,NA,NA,NA,4.24098985045551,1.02567681621116
"313","United States",2016,159187500,1.30421386286075,4.86666666666667,3.57346560166667,3.57346560166667,NA,NA,NA,NA,4.17023571613298,0.696430950533691
"314","United States",2017,160319333.333333,0.711006412772979,4.35,3.67567132083333,3.67567132083333,NA,NA,NA,NA,3.99864605155607,0.351353948443925
"315","United States",2018,162073833.333333,1.09437830330299,3.89166666666667,4.38205632618056,4.38205632618056,NA,NA,NA,NA,4.12958866426823,-0.237921997601564
"316","United States",2019,163529916.666667,0.89840741308274,3.675,4.37702785270177,4.37702785270177,NA,NA,NA,NA,4.0106829042794,-0.335682904279396
"317","United States",2020,160754916.666667,-1.69693720669867,8.09166666666667,3.95845850230605,3.95845850230605,NA,NA,NA,NA,5.65955181215731,2.43211485450936
"318","United States",2021,161204000,0.279359003534667,5.35833333333333,6.09357294690785,6.09357294690785,NA,NA,NA,NA,5.71413992132802,-0.355806587994686
"319","United States",2022,164292416.666667,1.91584369287776,3.63333333333333,6.80478760178117,6.80478760178117,NA,NA,NA,NA,4.9723295968595,-1.33899626352616
